fecha,hora,473,47E1F02E,47201542,4724D566,472606FA,4727F484,4727470A,472FF022,472F50DA,472F86B2,472FA05E,47E94706,472C92CA,472F6540,472F7636,472FB328,472FE354,472F00A6,472F95C4,47E281B0,472FC5B8,47E3055E,472FD6CE,472F43AC,4726706A,472680EE,47269398,4726A602,4726C3E4,472D4658,472EA2A4,472F13D0,47E35522,105130,47E1D6C2,47E1E358,47E1C5B4,47E207A4,221008,106140
2026-07-16,19:00,19.027001953125023,13.702020263671898,24.612023925781273,22.119012451171898,13.081018066406273,11.204003906250023,23.642022705078148,18.457025146484398,24.211999511718773,20.209008789062523,25.814019775390648,13.253015136718773,8.937005615234398,26.155999755859398,25.280023193359398,16.534020996093773,13.476007080078148,23.826013183593773,25.718011474609398,14.825006103515648,24.436029052734398,16.379022216796898,26.418023681640648,21.841027832031273,18.624017333984398,12.188012695312523,23.585015869140648,12.263024902343773,13.417016601562523,15.680017089843773,17.312005615234398,23.490014648437523,18.846002197265648,13.684014892578148,24.410028076171898,17.559014892578148,20.223016357421898,11.035028076171898,20.876000976562523,22.645013427734398
2026-07-16,20:00,18.789025878906273,14.138024902343773,24.135003662109398,22.426019287109398,12.809014892578148,11.356011962890648,23.846002197265648,17.555017089843773,24.093011474609398,19.892022705078148,25.555017089843773,13.360009765625023,7.998010253906273,26.400018310546898,25.624017333984398,15.745019531250023,14.326013183593773,23.300012207031273,25.561029052734398,16.836999511718773,24.213006591796898,16.970025634765648,26.214013671875023,21.974023437500023,18.513024902343773,11.539025878906273,23.202020263671898,12.476007080078148,13.484002685546898,14.627008056640648,18.944024658203148,23.565026855468773,17.195001220703148,13.790002441406273,23.748010253906273,17.867028808593773,20.688012695312523,11.075006103515648,20.978021240234398,22.529016113281273
2026-07-16,21:00,18.569024658203148,13.859002685546898,23.042016601562523,24.091027832031273,12.741021728515648,11.439019775390648,22.934014892578148,16.526025390625023,22.965020751953148,18.417016601562523,24.754022216796898,13.372003173828148,7.430017089843773,25.098016357421898,25.108026123046898,14.914025878906273,14.609002685546898,22.368005371093773,24.140008544921898,15.948022460937523,23.515008544921898,17.228021240234398,24.960015869140648,21.556024169921898,18.995019531250023,11.658013916015648,23.536004638671898,12.317010498046898,13.204003906250023,14.512017822265648,18.299005126953148,23.120019531250023,17.258020019531273,14.543023681640648,22.408013916015648,17.921014404296898,21.250024414062523,10.741998291015648,20.998010253906273,21.774011230468773
2026-07-16,22:00,18.258020019531273,13.948022460937523,22.307000732421898,24.280999755859398,12.891015625000023,10.626000976562523,21.430017089843773,16.007012939453148,22.348016357421898,17.721002197265648,23.996026611328148,13.225000000000023,7.468011474609398,24.319024658203148,23.989007568359398,15.569024658203148,15.991021728515648,22.024011230468773,23.988000488281273,15.086022949218773,22.428002929687523,18.003015136718773,24.237023925781273,21.522027587890648,18.504998779296898,11.316003417968773,23.415002441406273,12.224023437500023,13.887017822265648,14.359002685546898,18.721002197265648,22.783013916015648,17.716027832031273,15.198022460937523,21.119012451171898,17.786004638671898,20.960015869140648,11.075006103515648,20.817010498046898,21.461022949218773
2026-07-16,23:00,18.055017089843773,14.744012451171898,21.691003417968773,23.900018310546898,12.875024414062523,10.514001464843773,21.127008056640648,15.637017822265648,21.730004882812523,17.682000732421898,24.225000000000023,14.194024658203148,9.059014892578148,23.638024902343773,24.090020751953148,16.329003906250023,15.530999755859398,22.585015869140648,24.225000000000023,14.693017578125023,21.553002929687523,17.063012695312523,23.948022460937523,20.810021972656273,17.849023437500023,10.959008789062523,22.856011962890648,11.973016357421898,12.806024169921898,14.224023437500023,18.597009277343773,22.733026123046898,18.209008789062523,14.881005859375023,20.347009277343773,17.847009277343773,22.073999023437523,10.610009765625023,20.059014892578148,20.841027832031273
2026-07-17,00:00,17.929010009765648,14.320001220703148,20.941003417968773,24.665002441406273,13.343011474609398,10.155999755859398,20.629022216796898,17.128015136718773,21.049005126953148,17.196008300781273,23.246026611328148,13.232019042968773,8.810021972656273,22.995019531250023,22.352014160156273,15.341027832031273,16.417016601562523,21.918023681640648,23.626000976562523,16.084008789062523,20.720025634765648,17.569024658203148,23.253015136718773,19.759027099609398,17.887017822265648,11.719018554687523,22.482019042968773,11.621026611328148,12.569024658203148,13.754998779296898,18.633020019531273,23.279016113281273,18.729028320312523,14.306024169921898,19.815026855468773,18.107019042968773,21.180017089843773,11.257012939453148,19.564019775390648,20.528009033203148
2026-07-17,01:00,17.504022216796898,13.448999023437523,20.542016601562523,24.085015869140648,13.122003173828148,9.476007080078148,20.158013916015648,16.751000976562523,20.606011962890648,16.809014892578148,22.495019531250023,12.636010742187523,8.719018554687523,22.306024169921898,21.515008544921898,16.426019287109398,14.779016113281273,21.658013916015648,22.611016845703148,15.634027099609398,20.340020751953148,17.538018798828148,22.541009521484398,18.971002197265648,17.211022949218773,10.809014892578148,21.921014404296898,11.550012207031273,12.483026123046898,13.881005859375023,18.192010498046898,22.788018798828148,18.479028320312523,13.301019287109398,19.295007324218773,18.365014648437523,21.473016357421898,11.403009033203148,18.931024169921898,20.214013671875023
2026-07-17,02:00,17.649011230468773,13.591027832031273,20.109002685546898,23.552026367187523,13.247003173828148,9.621026611328148,20.163018798828148,17.864007568359398,20.218011474609398,17.110009765625023,22.023004150390648,13.211022949218773,7.355004882812523,21.801019287109398,21.024011230468773,16.586999511718773,13.942010498046898,21.340020751953148,22.044000244140648,16.420007324218773,20.325006103515648,16.538018798828148,22.002008056640648,18.366021728515648,17.014001464843773,11.478021240234398,21.426019287109398,11.537011718750023,12.389001464843773,13.597009277343773,17.552026367187523,21.801019287109398,18.301019287109398,13.084008789062523,18.946008300781273,17.976007080078148,20.976007080078148,10.556024169921898,18.541009521484398,20.187005615234398
2026-07-17,03:00,17.762017822265648,13.899011230468773,19.767022705078148,22.524011230468773,12.716027832031273,9.633020019531273,19.622003173828148,18.104028320312523,19.762017822265648,17.364007568359398,21.500024414062523,12.835015869140648,6.953027343750023,21.202020263671898,20.473016357421898,16.266015625000023,14.580010986328148,20.865014648437523,21.466027832031273,16.315026855468773,18.969018554687523,16.829003906250023,21.447015380859398,17.980004882812523,17.471002197265648,10.073999023437523,21.174005126953148,11.541009521484398,11.349023437500023,13.069024658203148,17.371026611328148,22.076013183593773,18.319024658203148,12.843011474609398,18.511010742187523,18.073999023437523,20.533013916015648,12.210015869140648,17.655999755859398,19.821008300781273
2026-07-17,04:00,16.201013183593773,13.153009033203148,19.097009277343773,22.295007324218773,12.728021240234398,9.086999511718773,19.229028320312523,16.991021728515648,19.316003417968773,18.510003662109398,20.863000488281273,12.674005126953148,6.806024169921898,20.956018066406273,19.911004638671898,16.325006103515648,15.420007324218773,20.223016357421898,20.955010986328148,16.168023681640648,18.584008789062523,16.915002441406273,20.886010742187523,17.636010742187523,17.888024902343773,9.866998291015648,21.343011474609398,11.424005126953148,11.392999267578148,12.437005615234398,17.355004882812523,22.176019287109398,18.540002441406273,13.589013671875023,17.877008056640648,17.569024658203148,21.234002685546898,11.598016357421898,17.963006591796898,19.667016601562523
2026-07-17,05:00,15.740014648437523,12.503015136718773,19.061029052734398,23.303002929687523,12.157006835937523,8.609002685546898,19.032006835937523,16.368005371093773,19.026025390625023,18.910028076171898,20.463006591796898,12.698999023437523,6.327020263671898,20.810021972656273,19.954003906250023,16.025018310546898,14.806024169921898,19.774011230468773,20.629998779296898,15.609002685546898,18.164025878906273,16.976007080078148,20.420007324218773,17.367028808593773,17.071008300781273,9.694024658203148,21.294000244140648,11.343011474609398,11.060998535156273,12.511010742187523,17.772027587890648,22.106011962890648,18.153009033203148,12.804010009765648,17.499017333984398,16.889001464843773,20.496026611328148,10.818017578125023,17.675012207031273,19.333001708984398
2026-07-17,06:00,16.431024169921898,11.799005126953148,19.002008056640648,21.357019042968773,12.741021728515648,9.178002929687523,19.063012695312523,17.361016845703148,18.859002685546898,18.231011962890648,20.065026855468773,11.982019042968773,6.945001220703148,20.441003417968773,19.602014160156273,16.402001953125023,14.996026611328148,19.404016113281273,20.379998779296898,15.115014648437523,17.940026855468773,16.254022216796898,20.209008789062523,17.249017333984398,17.084008789062523,10.132012939453148,21.170007324218773,11.138024902343773,10.963006591796898,12.044000244140648,17.378015136718773,21.017999267578148,18.385003662109398,12.938012695312523,17.415002441406273,17.210015869140648,19.300012207031273,10.096002197265648,17.976007080078148,19.194024658203148
2026-07-17,07:00,16.461022949218773,12.227014160156273,19.830010986328148,22.907006835937523,13.204003906250023,9.552026367187523,19.311029052734398,18.098016357421898,19.536004638671898,18.251000976562523,20.478021240234398,12.355004882812523,6.946008300781273,20.667016601562523,20.323999023437523,16.390008544921898,15.675012207031273,20.178002929687523,20.290002441406273,16.249017333984398,18.666009521484398,16.534020996093773,20.820001220703148,17.464013671875023,17.273004150390648,10.332025146484398,21.206018066406273,10.952020263671898,10.895013427734398,12.185998535156273,18.162011718750023,21.579003906250023,18.011010742187523,13.851007080078148,17.874017333984398,17.115014648437523,19.533013916015648,10.559014892578148,17.897027587890648,19.524011230468773
2026-07-17,08:00,18.479028320312523,13.921014404296898,20.892022705078148,25.363000488281273,15.341027832031273,12.009027099609398,21.507012939453148,20.503015136718773,21.265008544921898,20.004022216796898,22.547021484375023,13.379022216796898,9.782006835937523,22.292016601562523,21.877008056640648,18.446008300781273,16.446008300781273,22.734002685546898,21.688012695312523,17.387017822265648,20.902001953125023,18.760003662109398,22.606011962890648,18.833001708984398,19.129022216796898,12.025018310546898,23.463006591796898,11.821008300781273,13.319024658203148,14.258020019531273,20.802026367187523,24.723016357421898,19.622003173828148,15.056024169921898,21.118005371093773,19.675012207031273,21.615014648437523,13.671014404296898,18.672021484375023,22.098016357421898
2026-07-17,09:00,19.507012939453148,16.452020263671898,23.379022216796898,28.117028808593773,16.161004638671898,13.541009521484398,23.250024414062523,20.787011718750023,23.333001708984398,20.649011230468773,24.598016357421898,15.554010009765648,11.485009765625023,24.126000976562523,23.897027587890648,19.867028808593773,17.000024414062523,25.847009277343773,24.032006835937523,19.632012939453148,23.798028564453148,21.079003906250023,24.153009033203148,21.626000976562523,20.714013671875023,14.716027832031273,25.331018066406273,12.860009765625023,17.246026611328148,17.014001464843773,22.312005615234398,29.384027099609398,20.594018554687523,15.121026611328148,22.616021728515648,22.611016845703148,24.326013183593773,15.901025390625023,20.382012939453148,24.267022705078148
2026-07-17,10:00,21.146020507812523,18.146020507812523,25.456018066406273,29.105004882812523,17.463006591796898,14.938012695312523,25.412011718750023,21.379998779296898,25.364007568359398,21.909020996093773,26.805017089843773,17.198999023437523,12.370019531250023,26.079003906250023,25.940026855468773,20.412011718750023,18.910028076171898,28.444024658203148,25.740014648437523,22.211999511718773,26.154016113281273,22.590020751953148,26.113000488281273,24.785028076171898,19.371026611328148,16.090020751953148,26.851007080078148,12.073022460937523,19.517999267578148,19.784020996093773,24.049005126953148,31.180017089843773,20.935021972656273,15.024011230468773,24.826013183593773,24.446008300781273,26.495019531250023,17.520013427734398,21.124017333984398,26.086022949218773
2026-07-17,11:00,20.835015869140648,19.148004150390648,27.726007080078148,27.001000976562523,16.942010498046898,16.609002685546898,26.770013427734398,21.515008544921898,27.332025146484398,22.565026855468773,28.934014892578148,18.064019775390648,13.308007812500023,28.353021240234398,27.961022949218773,20.791009521484398,18.328027343750023,30.775018310546898,27.910028076171898,23.651025390625023,28.446008300781273,24.655023193359398,28.115014648437523,28.163018798828148,22.273004150390648,17.998010253906273,27.655023193359398,13.338006591796898,20.437005615234398,22.075006103515648,25.638024902343773,31.513024902343773,21.248010253906273,14.966027832031273,26.827020263671898,25.564019775390648,27.806024169921898,18.819024658203148,19.901025390625023,27.729028320312523
2026-07-17,12:00,20.715020751953148,19.999017333984398,29.254022216796898,27.201013183593773,16.704003906250023,16.815026855468773,28.071008300781273,22.489007568359398,29.351007080078148,23.423028564453148,30.780023193359398,19.812005615234398,13.516015625000023,30.233026123046898,29.490014648437523,21.075006103515648,20.651025390625023,32.29702148437502,29.683007812500023,24.870019531250023,29.933007812500023,24.458001708984398,30.555017089843773,28.734002685546898,23.371026611328148,18.950006103515648,28.774011230468773,13.950006103515648,21.073022460937523,23.348016357421898,26.728021240234398,31.077020263671898,21.769006347656273,16.030999755859398,28.685021972656273,26.111016845703148,28.908013916015648,19.765008544921898,23.279016113281273,28.715020751953148
2026-07-17,13:00,18.474023437500023,21.239007568359398,31.133020019531273,26.711999511718773,17.034020996093773,17.901025390625023,29.267999267578148,23.259027099609398,31.091027832031273,24.165002441406273,32.02202758789065,19.961999511718773,15.109002685546898,31.956018066406273,31.446008300781273,19.326013183593773,21.838006591796898,33.4830261230469,31.253015136718773,21.598016357421898,30.609002685546898,25.397027587890648,31.981011962890648,28.251000976562523,24.290002441406273,19.848016357421898,28.650018310546898,15.297021484375023,21.032006835937523,24.206018066406273,26.762017822265648,31.673028564453148,21.856011962890648,18.269006347656273,30.405023193359398,27.726007080078148,29.894006347656273,20.106011962890648,20.004998779296898,28.494012451171898
2026-07-17,14:00,19.144006347656273,21.267999267578148,32.37001953125002,26.150018310546898,19.052026367187523,18.102014160156273,29.092004394531273,23.516015625000023,32.47100219726565,24.591027832031273,33.1550231933594,20.091027832031273,14.299005126953148,33.04201660156252,32.74602661132815,20.383020019531273,22.948999023437523,32.08901367187502,32.32100830078127,21.800012207031273,31.374017333984398,25.859002685546898,33.07100830078127,28.100000000000023,22.257012939453148,19.429010009765648,28.978021240234398,14.860009765625023,20.847009277343773,24.435021972656273,26.093011474609398,31.529016113281273,22.028009033203148,16.040002441406273,31.221002197265648,27.628015136718773,25.983026123046898,20.264001464843773,20.818017578125023,27.892999267578148
2026-07-17,15:00,18.318017578125023,19.604028320312523,32.87001953125002,25.376000976562523,15.379998779296898,16.934014892578148,28.452020263671898,23.721002197265648,33.59502563476565,23.790002441406273,33.8220153808594,19.593011474609398,13.657006835937523,34.31902465820315,33.08699951171877,19.520013427734398,20.816003417968773,31.844018554687523,32.93300781250002,21.705010986328148,31.190026855468773,24.081018066406273,33.72200927734377,28.188012695312523,20.544000244140648,18.504998779296898,28.065026855468773,14.486016845703148,20.651025390625023,21.479028320312523,24.993005371093773,31.257012939453148,21.410028076171898,15.565026855468773,31.502008056640648,26.800012207031273,24.665002441406273,20.256005859375023,21.530023193359398,27.206018066406273
2026-07-17,16:00,16.847009277343773,20.197015380859398,30.229028320312523,25.355004882812523,16.774011230468773,16.305017089843773,28.009027099609398,23.453027343750023,33.56502685546877,24.331018066406273,33.62801513671877,18.043023681640648,12.301019287109398,34.40200195312502,33.8380065917969,17.977014160156273,18.757012939453148,31.138024902343773,32.89901123046877,21.532006835937523,30.423028564453148,24.334008789062523,32.78402099609377,26.751000976562523,22.692010498046898,16.899011230468773,25.869012451171898,14.128015136718773,19.604028320312523,20.746026611328148,24.041009521484398,30.602014160156273,20.694024658203148,15.831018066406273,29.058007812500023,26.487023925781273,24.861016845703148,19.154016113281273,20.029016113281273,26.154016113281273
2026-07-17,17:00,16.039025878906273,18.075006103515648,27.636010742187523,23.731011962890648,15.315026855468773,14.982019042968773,27.360009765625023,22.524011230468773,29.106011962890648,23.501000976562523,33.48601684570315,16.040002441406273,10.899011230468773,34.2180114746094,33.3590026855469,16.960015869140648,18.216027832031273,29.417016601562523,32.62102661132815,20.065026855468773,30.116021728515648,22.717004394531273,29.829003906250023,25.380029296875023,20.527001953125023,15.843011474609398,24.870019531250023,14.023004150390648,18.632012939453148,19.001000976562523,22.489007568359398,29.109002685546898,19.160028076171898,15.412011718750023,26.998010253906273,24.128015136718773,23.989007568359398,16.243005371093773,19.369012451171898,24.875024414062523
2026-07-17,18:00,15.734002685546898,16.530023193359398,25.359002685546898,21.855004882812523,14.234002685546898,13.167016601562523,25.227014160156273,20.730004882812523,26.132012939453148,21.669000244140648,28.509027099609398,14.622003173828148,9.068017578125023,29.202020263671898,28.899011230468773,16.350000000000023,17.920007324218773,27.099023437500023,29.340020751953148,18.770013427734398,29.274011230468773,20.884027099609398,26.998010253906273,23.136010742187523,20.006005859375023,13.554010009765648,24.606011962890648,13.063012695312523,16.204003906250023,17.344018554687523,20.390008544921898,27.322015380859398,17.483026123046898,15.025018310546898,24.651025390625023,22.836022949218773,22.517999267578148,14.973016357421898,19.116021728515648,23.098016357421898
2026-07-17,19:00,16.566003417968773,15.489007568359398,23.319024658203148,19.387017822265648,13.278009033203148,12.114007568359398,23.183007812500023,18.304010009765648,24.023004150390648,20.023004150390648,26.006005859375023,13.519006347656273,8.865014648437523,26.922021484375023,26.688012695312523,15.029016113281273,17.898004150390648,25.726007080078148,25.792016601562523,17.535028076171898,27.880029296875023,19.961999511718773,24.594018554687523,22.146020507812523,18.992028808593773,13.334008789062523,23.093011474609398,12.036004638671898,14.678002929687523,17.508020019531273,19.448022460937523,25.732019042968773,17.140008544921898,14.594018554687523,22.848016357421898,22.541009521484398,20.948022460937523,14.219018554687523,18.908013916015648,21.845025634765648
2026-07-17,20:00,18.765008544921898,14.990014648437523,22.323022460937523,19.673028564453148,13.041009521484398,11.260003662109398,23.014001464843773,16.448999023437523,22.755029296875023,18.599023437500023,24.383020019531273,13.203027343750023,7.707025146484398,25.353021240234398,25.033013916015648,16.448999023437523,18.145013427734398,25.474023437500023,24.555017089843773,16.661004638671898,25.888024902343773,19.387017822265648,23.622003173828148,20.802026367187523,19.092004394531273,12.185998535156273,23.075006103515648,12.300012207031273,15.369012451171898,17.187005615234398,19.432000732421898,26.147027587890648,18.608026123046898,14.789025878906273,21.571008300781273,20.776025390625023,21.102014160156273,12.942010498046898,18.453027343750023,21.301019287109398
2026-07-17,21:00,17.700006103515648,14.739007568359398,21.674005126953148,24.470025634765648,14.121026611328148,10.984002685546898,22.525018310546898,16.465020751953148,21.897027587890648,18.135003662109398,24.030999755859398,13.806024169921898,8.711999511718773,24.137017822265648,24.125024414062523,16.575006103515648,17.998010253906273,24.534020996093773,23.915002441406273,15.941003417968773,23.210015869140648,18.685021972656273,23.153009033203148,21.301019287109398,18.678002929687523,12.650018310546898,22.135003662109398,12.379998779296898,14.456018066406273,16.596002197265648,19.310021972656273,24.191003417968773,19.144006347656273,14.357019042968773,21.012017822265648,20.032006835937523,21.446008300781273,13.868005371093773,18.684014892578148,20.787011718750023
2026-07-17,22:00,17.069024658203148,14.284020996093773,21.264001464843773,24.062005615234398,14.015008544921898,10.719018554687523,21.633020019531273,16.425012207031273,21.293023681640648,16.269006347656273,23.933007812500023,13.862023925781273,8.473016357421898,23.496026611328148,23.024011230468773,15.689019775390648,17.573999023437523,23.613000488281273,23.880029296875023,16.286004638671898,22.418023681640648,19.095025634765648,22.932000732421898,20.642999267578148,18.276025390625023,12.227014160156273,22.671014404296898,11.862023925781273,14.552026367187523,16.823999023437523,19.686029052734398,23.579003906250023,19.261010742187523,14.575006103515648,20.540002441406273,19.437005615234398,21.077020263671898,12.876000976562523,18.951013183593773,20.959008789062523
2026-07-17,23:00,16.758020019531273,13.895013427734398,20.887017822265648,24.159020996093773,13.563012695312523,11.366998291015648,20.769006347656273,16.267022705078148,20.925012207031273,16.935998535156273,23.081018066406273,13.698999023437523,8.213006591796898,22.909020996093773,22.405999755859398,16.528009033203148,17.407006835937523,23.072015380859398,23.245019531250023,16.155999755859398,21.004998779296898,18.316003417968773,22.552026367187523,20.061029052734398,18.444024658203148,12.342004394531273,22.307000732421898,11.384027099609398,13.493005371093773,16.142022705078148,18.597009277343773,23.037011718750023,19.182000732421898,14.576013183593773,19.655023193359398,19.043023681640648,21.095025634765648,11.946008300781273,18.698022460937523,20.710015869140648
2026-07-18,00:00,17.302026367187523,14.161004638671898,20.617028808593773,23.866021728515648,12.538018798828148,10.739007568359398,20.010003662109398,15.693017578125023,20.611016845703148,16.331018066406273,22.444024658203148,13.133020019531273,8.158013916015648,22.341027832031273,21.832025146484398,16.397027587890648,16.964013671875023,22.477014160156273,22.378015136718773,16.511010742187523,21.250024414062523,17.457025146484398,22.608026123046898,19.240014648437523,18.403009033203148,12.218011474609398,21.486016845703148,11.382012939453148,12.879998779296898,15.702020263671898,18.107019042968773,22.608026123046898,18.433007812500023,13.929010009765648,19.223016357421898,18.740014648437523,21.042016601562523,11.231011962890648,18.344018554687523,20.403009033203148
2026-07-18,01:00,16.542016601562523,13.620019531250023,20.197015380859398,23.569024658203148,12.752008056640648,9.942010498046898,19.688012695312523,15.530999755859398,20.328027343750023,16.583001708984398,21.973016357421898,13.211022949218773,8.541009521484398,22.002008056640648,21.402001953125023,16.447015380859398,16.873010253906273,21.723016357421898,22.001000976562523,15.575006103515648,20.931024169921898,17.525018310546898,22.559014892578148,18.780999755859398,18.102014160156273,12.360009765625023,21.532006835937523,11.549005126953148,13.567010498046898,15.276025390625023,17.788018798828148,21.915002441406273,18.409020996093773,14.663018798828148,18.957025146484398,19.539025878906273,20.184014892578148,10.927026367187523,18.672021484375023,20.158013916015648
2026-07-18,02:00,16.357019042968773,13.390008544921898,19.756005859375023,23.054010009765648,12.493005371093773,9.478021240234398,19.384027099609398,16.292016601562523,19.916009521484398,17.509027099609398,21.441003417968773,13.093011474609398,8.853021240234398,21.621026611328148,20.950006103515648,16.167016601562523,16.500024414062523,21.344018554687523,21.506005859375023,15.779016113281273,20.794000244140648,17.639001464843773,22.307000732421898,18.634027099609398,18.077020263671898,11.952020263671898,21.203027343750023,11.307000732421898,12.674005126953148,15.028009033203148,17.493005371093773,22.458001708984398,17.479028320312523,13.847009277343773,18.895013427734398,19.043023681640648,19.691003417968773,10.619012451171898,17.847009277343773,19.882012939453148
2026-07-18,03:00,16.806024169921898,13.502008056640648,19.559014892578148,23.214013671875023,12.121026611328148,9.276025390625023,18.995019531250023,16.093011474609398,19.600000000000023,17.204003906250023,21.015008544921898,12.211022949218773,8.844018554687523,21.174005126953148,20.562005615234398,16.180017089843773,15.989007568359398,20.900018310546898,20.959008789062523,15.607019042968773,20.758020019531273,17.595025634765648,22.059014892578148,18.473016357421898,17.851007080078148,11.682000732421898,21.189019775390648,11.271020507812523,11.935998535156273,14.473016357421898,17.088006591796898,22.472009277343773,17.272027587890648,13.884027099609398,18.879998779296898,19.151025390625023,19.213006591796898,9.641015625000023,17.675012207031273,19.338006591796898
2026-07-18,04:00,16.780999755859398,12.684014892578148,19.348016357421898,23.162011718750023,11.996026611328148,9.206018066406273,18.584008789062523,16.649011230468773,19.387017822265648,17.876000976562523,20.552026367187523,12.367028808593773,8.971002197265648,20.997003173828148,20.309014892578148,16.030999755859398,15.536004638671898,20.550012207031273,20.486016845703148,15.724023437500023,20.237023925781273,16.937005615234398,21.338006591796898,18.359002685546898,17.381005859375023,10.708001708984398,20.904016113281273,11.194024658203148,11.652001953125023,13.982019042968773,17.048028564453148,21.989007568359398,17.594018554687523,13.670007324218773,18.707025146484398,18.360009765625023,19.875024414062523,9.192010498046898,17.395013427734398,19.066003417968773
2026-07-18,05:00,16.705010986328148,12.258020019531273,19.276025390625023,23.133020019531273,11.197015380859398,8.933007812500023,18.452020263671898,16.916009521484398,19.011010742187523,16.810998535156273,20.195001220703148,12.185021972656273,8.390008544921898,20.886010742187523,20.731011962890648,15.955010986328148,14.900018310546898,20.344018554687523,20.236016845703148,15.034020996093773,19.813012695312523,16.554010009765648,21.832025146484398,18.401025390625023,17.327020263671898,10.990014648437523,20.743005371093773,10.995019531250023,11.539025878906273,13.583001708984398,16.746026611328148,21.266015625000023,17.197015380859398,13.411004638671898,18.302026367187523,17.929010009765648,19.402001953125023,9.003015136718773,17.600000000000023,18.895013427734398
2026-07-18,06:00,17.015008544921898,12.217004394531273,18.789025878906273,21.724023437500023,11.862023925781273,9.359002685546898,18.523004150390648,17.387017822265648,18.931024169921898,17.305017089843773,19.896020507812523,12.644006347656273,7.059014892578148,20.724023437500023,21.171014404296898,16.008020019531273,14.585015869140648,20.398004150390648,20.155023193359398,15.830010986328148,19.002008056640648,15.883020019531273,21.830010986328148,18.323022460937523,17.049005126953148,11.234002685546898,20.660028076171898,11.062005615234398,11.376000976562523,13.625024414062523,16.886010742187523,20.947015380859398,16.501000976562523,13.478021240234398,17.777001953125023,17.218011474609398,19.809014892578148,9.271020507812523,17.101007080078148,18.508020019531273
2026-07-18,07:00,17.025018310546898,11.901025390625023,19.349023437500023,22.696008300781273,12.429010009765648,9.330010986328148,18.838006591796898,18.339013671875023,19.238000488281273,17.773004150390648,20.665002441406273,12.780999755859398,8.919000244140648,21.131005859375023,21.322015380859398,16.829003906250023,15.447015380859398,20.664025878906273,20.116021728515648,16.744012451171898,18.739007568359398,16.191003417968773,21.770013427734398,18.475000000000023,17.888024902343773,11.470025634765648,21.096002197265648,11.160028076171898,11.421014404296898,14.001000976562523,17.835015869140648,21.616021728515648,16.650018310546898,13.683007812500023,17.925012207031273,17.891015625000023,19.972009277343773,9.735009765625023,17.572015380859398,19.060021972656273
2026-07-18,08:00,18.731011962890648,13.813012695312523,21.484002685546898,25.169000244140648,14.461022949218773,11.780999755859398,21.117028808593773,20.461022949218773,21.432000732421898,19.072015380859398,22.276025390625023,13.515008544921898,10.779016113281273,22.520013427734398,22.309014892578148,18.508020019531273,16.635003662109398,23.648004150390648,21.843011474609398,18.413018798828148,20.029016113281273,18.904016113281273,22.469018554687523,19.854028320312523,19.200006103515648,12.734002685546898,23.465020751953148,11.866998291015648,14.555017089843773,15.730004882812523,20.403009033203148,25.415002441406273,18.274011230468773,14.289025878906273,21.465020751953148,20.021020507812523,22.466027832031273,13.442010498046898,19.043023681640648,22.367028808593773
2026-07-18,09:00,19.692010498046898,16.752008056640648,23.746026611328148,27.763024902343773,15.581018066406273,13.355004882812523,22.655023193359398,20.671014404296898,23.822015380859398,19.667016601562523,24.251000976562523,15.569024658203148,11.802026367187523,24.296014404296898,24.020013427734398,18.952020263671898,19.035028076171898,26.276025390625023,23.909020996093773,20.171014404296898,22.604028320312523,21.070001220703148,23.853021240234398,22.152001953125023,20.458001708984398,15.024011230468773,25.463006591796898,11.783013916015648,17.242028808593773,18.136010742187523,22.275018310546898,28.322015380859398,19.153009033203148,14.812005615234398,23.147027587890648,22.229028320312523,24.403009033203148,15.774011230468773,21.129998779296898,24.966027832031273
2026-07-18,10:00,21.956018066406273,18.461999511718773,26.115014648437523,29.365014648437523,17.435021972656273,13.825006103515648,24.586022949218773,20.499017333984398,25.685021972656273,20.739007568359398,26.644006347656273,15.830010986328148,12.950006103515648,26.047021484375023,25.742028808593773,19.555017089843773,21.081018066406273,27.559014892578148,25.624017333984398,22.149011230468773,24.877008056640648,22.955010986328148,25.438012695312523,24.193017578125023,21.664025878906273,16.211022949218773,27.556024169921898,11.628015136718773,19.313012695312523,20.848016357421898,24.006005859375023,29.252008056640648,19.706018066406273,15.197015380859398,25.207025146484398,23.776025390625023,26.798028564453148,17.257012939453148,22.846002197265648,26.903009033203148
2026-07-18,11:00,22.790002441406273,19.690026855468773,27.905999755859398,26.200006103515648,18.859002685546898,15.662011718750023,26.140008544921898,20.602014160156273,27.416009521484398,21.765008544921898,28.914025878906273,15.711022949218773,13.641015625000023,28.111016845703148,27.949029541015648,20.014001464843773,22.203027343750023,29.450006103515648,27.884027099609398,24.075006103515648,26.989007568359398,24.379022216796898,27.541009521484398,26.971002197265648,20.974023437500023,17.728021240234398,28.766015625000023,11.961022949218773,19.925012207031273,22.485009765625023,25.227014160156273,31.246026611328148,20.534020996093773,15.433007812500023,27.185021972656273,26.144006347656273,27.485009765625023,18.482019042968773,23.999017333984398,27.836022949218773
2026-07-18,12:00,19.437005615234398,20.911004638671898,30.030023193359398,25.903009033203148,19.875024414062523,14.664025878906273,27.997003173828148,21.689019775390648,29.350000000000023,22.726007080078148,30.859002685546898,18.129998779296898,12.584008789062523,30.119012451171898,29.273004150390648,19.964013671875023,22.604028320312523,31.537011718750023,29.775018310546898,25.009027099609398,28.874017333984398,25.455010986328148,29.259027099609398,27.835015869140648,21.138024902343773,19.152001953125023,30.353021240234398,12.575006103515648,21.273004150390648,23.753015136718773,25.412011718750023,30.992028808593773,20.694024658203148,16.336999511718773,28.880029296875023,27.288018798828148,28.445001220703148,19.581018066406273,23.060021972656273,28.833001708984398
2026-07-18,13:00,17.563012695312523,21.359002685546898,31.365014648437523,25.368005371093773,20.142022705078148,17.664025878906273,28.700006103515648,22.260003662109398,30.659020996093773,23.567010498046898,32.09700927734377,19.795007324218773,13.071008300781273,31.791009521484398,30.996026611328148,20.084008789062523,23.276025390625023,32.06600341796877,31.144006347656273,24.952020263671898,29.429010009765648,26.320001220703148,31.231011962890648,28.368005371093773,25.023004150390648,19.852014160156273,31.123010253906273,14.310998535156273,22.169000244140648,24.351007080078148,25.543023681640648,30.836022949218773,20.767022705078148,16.948999023437523,29.855004882812523,28.075006103515648,28.082025146484398,19.844018554687523,25.037011718750023,28.801019287109398
2026-07-18,14:00,17.513024902343773,21.847009277343773,32.13100585937502,25.417016601562523,18.581018066406273,17.856011962890648,28.477014160156273,22.270013427734398,31.920007324218773,24.162011718750023,33.07900390625002,20.325006103515648,11.498010253906273,32.77401123046877,32.64602050781252,18.333001708984398,23.718011474609398,31.578027343750023,32.0770202636719,23.536004638671898,30.301019287109398,25.988000488281273,32.92302856445315,27.682000732421898,24.649011230468773,19.829003906250023,31.141015625000023,16.194024658203148,22.078027343750023,22.582025146484398,25.267022705078148,30.557000732421898,20.813012695312523,17.530999755859398,30.853021240234398,28.297021484375023,25.809014892578148,20.430017089843773,24.373010253906273,28.650018310546898
2026-07-18,15:00,16.590020751953148,21.798028564453148,32.77401123046877,25.496026611328148,15.187005615234398,16.778009033203148,27.892022705078148,22.713006591796898,32.85701904296877,22.943017578125023,33.47902832031252,20.966027832031273,12.718011474609398,34.12502441406252,33.12801513671877,16.885003662109398,23.675012207031273,29.892022705078148,32.1450134277344,22.901025390625023,30.767022705078148,26.552026367187523,33.1660095214844,27.209008789062523,25.111016845703148,19.316003417968773,29.411004638671898,15.648004150390648,21.713006591796898,21.271020507812523,24.593011474609398,30.105004882812523,20.993005371093773,18.133020019531273,31.155999755859398,28.289025878906273,24.259027099609398,20.257012939453148,24.637017822265648,28.373010253906273
2026-07-18,16:00,16.120019531250023,21.427026367187523,30.862023925781273,24.873010253906273,16.762017822265648,16.476007080078148,27.459008789062523,21.750024414062523,32.74001464843752,22.409020996093773,33.4570251464844,20.340020751953148,11.100000000000023,33.92302856445315,33.15200195312502,16.112023925781273,20.766015625000023,28.989007568359398,32.31002197265627,20.626000976562523,30.073022460937523,26.065026855468773,31.842004394531273,25.294000244140648,25.180017089843773,17.841027832031273,29.550012207031273,15.456018066406273,20.740014648437523,20.008020019531273,23.547021484375023,29.492028808593773,20.112023925781273,19.882012939453148,30.446008300781273,25.552026367187523,23.231011962890648,19.520013427734398,22.112023925781273,27.489007568359398
2026-07-18,17:00,15.360009765625023,20.238000488281273,28.844018554687523,23.437005615234398,14.648004150390648,15.260003662109398,26.483026123046898,20.908013916015648,30.122003173828148,21.362023925781273,32.25100097656252,19.155023193359398,10.480004882812523,33.1870056152344,32.41301879882815,15.743005371093773,20.384027099609398,27.416009521484398,31.538018798828148,19.982019042968773,29.066003417968773,24.198022460937523,29.129022216796898,24.392999267578148,24.744012451171898,16.713006591796898,25.547021484375023,15.695001220703148,19.946008300781273,18.704003906250023,21.711999511718773,28.427026367187523,18.537011718750023,17.444024658203148,27.983026123046898,24.241021728515648,21.816003417968773,18.045007324218773,21.771020507812523,25.880029296875023
2026-07-18,18:00,15.142999267578148,18.184014892578148,25.983026123046898,20.997003173828148,14.129998779296898,13.789025878906273,24.274011230468773,19.800012207031273,26.626000976562523,20.884027099609398,28.974023437500023,17.152001953125023,9.258020019531273,29.442010498046898,29.829003906250023,15.448999023437523,19.053002929687523,26.386010742187523,30.361016845703148,17.877008056640648,28.165002441406273,20.384027099609398,26.110009765625023,22.806024169921898,23.910028076171898,15.057000732421898,24.514001464843773,14.586999511718773,16.966027832031273,17.441003417968773,19.434014892578148,26.919000244140648,17.036004638671898,16.759027099609398,25.247003173828148,21.126000976562523,20.213006591796898,16.225000000000023,21.285028076171898,23.897027587890648
2026-07-18,19:00,14.792016601562523,17.875024414062523,23.968011474609398,18.944024658203148,13.254998779296898,12.024011230468773,22.046014404296898,17.739007568359398,24.640008544921898,20.039025878906273,26.361016845703148,17.133020019531273,8.714013671875023,27.377008056640648,27.051019287109398,15.201013183593773,17.496026611328148,25.110009765625023,26.477014160156273,16.682000732421898,26.211999511718773,18.617028808593773,24.015008544921898,21.901025390625023,22.124017333984398,13.536004638671898,23.368005371093773,13.555017089843773,15.814019775390648,17.243005371093773,18.284020996093773,25.647027587890648,15.459008789062523,15.680017089843773,23.724023437500023,18.129022216796898,18.900018310546898,15.341027832031273,20.933007812500023,22.168023681640648
2026-07-18,20:00,14.057000732421898,17.065026855468773,22.902001953125023,19.059014892578148,13.922021484375023,13.472009277343773,21.224023437500023,16.552026367187523,23.388024902343773,18.536004638671898,24.822015380859398,15.379022216796898,9.127008056640648,26.211022949218773,25.691003417968773,14.738000488281273,17.110009765625023,24.888024902343773,24.789025878906273,14.534020996093773,25.396020507812523,16.932000732421898,23.457025146484398,21.392022705078148,21.770013427734398,13.721002197265648,22.867028808593773,13.063012695312523,16.369012451171898,17.035028076171898,18.014001464843773,25.306024169921898,15.821008300781273,16.266015625000023,22.605004882812523,18.014001464843773,17.002008056640648,14.716027832031273,20.541009521484398,21.457025146484398
2026-07-18,21:00,13.629022216796898,15.835015869140648,22.329003906250023,17.448022460937523,13.698022460937523,12.503015136718773,21.131005859375023,16.359002685546898,22.965020751953148,17.364007568359398,24.420007324218773,15.100000000000023,8.942010498046898,25.349023437500023,25.719018554687523,14.435021972656273,16.554010009765648,24.599023437500023,24.563012695312523,14.134027099609398,23.617028808593773,16.702020263671898,23.304010009765648,20.471002197265648,20.214013671875023,13.591027832031273,22.602014160156273,12.723016357421898,16.386010742187523,17.484002685546898,18.278009033203148,24.742028808593773,17.117028808593773,15.729028320312523,21.826013183593773,17.142022705078148,17.151025390625023,14.738000488281273,20.291009521484398,21.157006835937523
2026-07-18,22:00,13.749017333984398,16.153009033203148,21.810021972656273,17.125024414062523,12.774011230468773,12.666009521484398,20.725000000000023,16.059014892578148,22.178002929687523,17.647027587890648,24.052026367187523,14.515008544921898,8.959008789062523,24.649011230468773,24.550012207031273,14.711999511718773,16.687005615234398,23.198999023437523,24.435021972656273,13.670007324218773,22.530023193359398,16.238000488281273,23.153009033203148,19.218011474609398,19.562005615234398,13.433007812500023,22.448022460937523,12.595025634765648,15.151025390625023,17.632012939453148,18.588006591796898,23.413018798828148,17.650018310546898,14.617028808593773,21.471002197265648,17.028009033203148,17.266015625000023,14.231011962890648,20.355004882812523,21.075006103515648
2026-07-18,23:00,13.743005371093773,16.292016601562523,21.661004638671898,17.974023437500023,12.382012939453148,12.522027587890648,20.432000732421898,16.027001953125023,21.866021728515648,16.804010009765648,24.441003417968773,13.793023681640648,8.701013183593773,24.032006835937523,23.892999267578148,14.510003662109398,16.747003173828148,22.905023193359398,24.065026855468773,14.497003173828148,22.244012451171898,17.465020751953148,23.089013671875023,19.754998779296898,19.155023193359398,12.565026855468773,22.150018310546898,12.423028564453148,15.729028320312523,16.179010009765648,18.250024414062523,22.762017822265648,17.389001464843773,14.340020751953148,21.110009765625023,17.068017578125023,17.340020751953148,14.183007812500023,19.961999511718773,20.933007812500023
2026-07-19,00:00,13.439019775390648,15.236016845703148,21.434014892578148,17.707025146484398,12.343011474609398,12.288018798828148,19.994012451171898,15.987023925781273,21.486016845703148,15.441003417968773,23.860009765625023,13.285028076171898,7.437005615234398,23.246026611328148,22.855004882812523,14.594018554687523,16.390008544921898,22.414025878906273,23.723016357421898,14.264001464843773,22.007012939453148,17.056024169921898,22.935021972656273,19.291009521484398,18.512017822265648,12.442010498046898,22.063012695312523,12.154016113281273,14.576013183593773,15.890008544921898,17.801019287109398,22.567010498046898,17.099023437500023,14.318017578125023,20.223016357421898,16.984002685546898,17.211022949218773,13.795007324218773,19.641015625000023,20.629998779296898
2026-07-19,01:00,14.369012451171898,15.853021240234398,21.058007812500023,18.073999023437523,11.832025146484398,12.107019042968773,19.983026123046898,16.218011474609398,20.809014892578148,15.795007324218773,22.815026855468773,13.017999267578148,7.258020019531273,22.830010986328148,22.340020751953148,14.948999023437523,16.026025390625023,22.032006835937523,22.736016845703148,14.464013671875023,21.550012207031273,17.185021972656273,22.259027099609398,19.045007324218773,18.323022460937523,12.301019287109398,21.704003906250023,11.913018798828148,15.238000488281273,16.655999755859398,17.020013427734398,22.210015869140648,16.895013427734398,14.262017822265648,19.379998779296898,16.752008056640648,18.041009521484398,13.733026123046898,19.388024902343773,20.239007568359398
2026-07-19,02:00,14.453027343750023,15.698999023437523,20.823999023437523,17.291009521484398,11.859002685546898,12.210015869140648,19.827020263671898,15.395013427734398,20.486016845703148,15.998010253906273,22.364007568359398,12.528009033203148,7.023004150390648,22.318017578125023,21.756005859375023,14.992028808593773,15.560021972656273,21.675012207031273,22.343011474609398,14.185998535156273,21.158013916015648,17.823022460937523,21.908013916015648,18.924005126953148,18.238000488281273,12.078027343750023,21.576013183593773,11.625024414062523,15.017022705078148,17.002008056640648,16.431024169921898,21.835015869140648,16.668023681640648,13.779016113281273,19.321008300781273,17.676019287109398,18.681024169921898,13.217004394531273,18.665002441406273,20.396020507812523
2026-07-19,03:00,14.778009033203148,15.420007324218773,20.223016357421898,17.829003906250023,11.672021484375023,11.641015625000023,19.335015869140648,15.795007324218773,20.290002441406273,16.019006347656273,21.939019775390648,12.197015380859398,6.636010742187523,21.711999511718773,21.470025634765648,15.128015136718773,14.519006347656273,20.947015380859398,21.868005371093773,14.318017578125023,21.011010742187523,18.187005615234398,21.536004638671898,18.626000976562523,18.210015869140648,11.794000244140648,21.585015869140648,11.757012939453148,14.924005126953148,17.055017089843773,16.358026123046898,22.068017578125023,16.823022460937523,13.469018554687523,19.552026367187523,17.947015380859398,18.418023681640648,13.280999755859398,18.284020996093773,19.550012207031273
2026-07-19,04:00,15.440026855468773,15.250024414062523,19.780023193359398,16.669000244140648,12.027001953125023,11.059014892578148,19.430017089843773,16.027001953125023,20.211022949218773,16.416009521484398,21.453027343750023,12.795007324218773,6.758020019531273,21.416009521484398,21.283013916015648,15.245019531250023,14.481011962890648,20.536004638671898,21.417016601562523,14.331018066406273,19.934014892578148,17.528009033203148,21.410028076171898,17.974023437500023,18.256005859375023,11.917016601562523,21.015008544921898,11.417016601562523,14.726007080078148,16.405023193359398,16.252008056640648,22.634027099609398,16.937005615234398,13.169000244140648,19.132012939453148,17.888024902343773,19.196008300781273,11.795007324218773,18.004022216796898,20.362023925781273
2026-07-19,05:00,16.075006103515648,15.041009521484398,19.767999267578148,16.218011474609398,11.715020751953148,11.488000488281273,19.307000732421898,16.814019775390648,20.102014160156273,16.599023437500023,20.955010986328148,12.974023437500023,6.358026123046898,20.886010742187523,21.259027099609398,15.617028808593773,14.644006347656273,20.315026855468773,21.070001220703148,14.050012207031273,19.636010742187523,17.767022705078148,21.424005126953148,17.920007324218773,18.173028564453148,11.123010253906273,20.027001953125023,11.378015136718773,14.655023193359398,15.054010009765648,16.335015869140648,21.871026611328148,15.898004150390648,12.998010253906273,19.119012451171898,18.133020019531273,19.272027587890648,11.990014648437523,17.955010986328148,20.461022949218773
2026-07-19,06:00,15.629998779296898,14.608026123046898,19.475000000000023,15.894006347656273,11.271020507812523,10.538018798828148,19.341027832031273,17.026025390625023,20.021020507812523,16.692010498046898,20.508020019531273,11.820001220703148,6.256005859375023,20.636010742187523,20.997003173828148,15.473016357421898,14.233026123046898,20.092004394531273,20.471002197265648,12.514001464843773,19.311029052734398,17.967004394531273,21.157006835937523,18.333001708984398,17.928002929687523,11.431024169921898,20.211022949218773,11.071008300781273,14.582025146484398,14.951013183593773,16.283013916015648,21.346002197265648,15.514001464843773,13.054010009765648,19.218011474609398,18.070001220703148,19.322015380859398,12.636010742187523,17.892999267578148,20.251000976562523
2026-07-19,07:00,16.511010742187523,14.190026855468773,19.730004882812523,16.303002929687523,12.479028320312523,11.118005371093773,19.249017333984398,18.269006347656273,20.651025390625023,17.563012695312523,21.010003662109398,12.654016113281273,6.351007080078148,21.079003906250023,21.003015136718773,16.314019775390648,14.102014160156273,20.639001464843773,20.392999267578148,13.521020507812523,18.948999023437523,17.551019287109398,21.395013427734398,18.851007080078148,18.400018310546898,11.783013916015648,21.020013427734398,10.968011474609398,14.573999023437523,14.947015380859398,16.389001464843773,21.312005615234398,16.329003906250023,13.689019775390648,19.771020507812523,18.717004394531273,19.811029052734398,12.432000732421898,17.960015869140648,20.027001953125023
2026-07-19,08:00,17.812005615234398,16.076013183593773,22.127008056640648,19.151025390625023,14.469018554687523,11.711999511718773,19.350000000000023,19.223016357421898,22.933007812500023,19.242028808593773,23.126000976562523,14.706018066406273,8.916009521484398,23.254022216796898,22.827020263671898,17.340020751953148,15.943017578125023,23.403009033203148,22.757012939453148,16.295007324218773,21.485009765625023,19.856011962890648,23.238000488281273,21.715020751953148,19.869012451171898,12.474023437500023,23.663018798828148,12.066003417968773,15.804010009765648,16.745019531250023,19.295007324218773,25.058007812500023,17.706018066406273,15.721002197265648,23.158013916015648,20.868005371093773,22.433007812500023,14.176019287109398,19.854028320312523,23.102014160156273
2026-07-19,09:00,18.760003662109398,17.876000976562523,24.895013427734398,22.978021240234398,15.977014160156273,13.639001464843773,21.615014648437523,19.185021972656273,24.800012207031273,20.308007812500023,25.327020263671898,16.260003662109398,10.112023925781273,25.336999511718773,24.909020996093773,18.150018310546898,18.245019531250023,26.701013183593773,24.356011962890648,18.792016601562523,23.998010253906273,22.651025390625023,25.024011230468773,24.319024658203148,21.451013183593773,14.719018554687523,26.080010986328148,14.042016601562523,17.684014892578148,18.711022949218773,21.097009277343773,29.354028320312523,18.573022460937523,17.195001220703148,24.313012695312523,23.371026611328148,24.420007324218773,15.844018554687523,22.201013183593773,25.507012939453148
2026-07-19,10:00,16.911004638671898,19.645013427734398,27.052026367187523,24.626000976562523,16.896020507812523,14.390008544921898,23.802026367187523,19.877008056640648,26.684014892578148,21.115014648437523,27.345025634765648,17.367028808593773,11.727014160156273,27.160028076171898,26.929010009765648,18.703027343750023,20.512017822265648,29.561029052734398,26.488000488281273,20.970025634765648,26.191003417968773,24.145013427734398,26.808007812500023,25.679010009765648,22.869012451171898,15.931024169921898,28.180017089843773,14.702020263671898,19.336999511718773,20.978021240234398,22.690026855468773,31.071008300781273,19.111016845703148,18.307000732421898,26.261010742187523,25.297021484375023,26.936029052734398,17.553002929687523,24.123010253906273,27.448022460937523
2026-07-19,11:00,17.084008789062523,20.903009033203148,28.911004638671898,24.453027343750023,18.270013427734398,14.795007324218773,25.499017333984398,20.667016601562523,28.530999755859398,22.054010009765648,29.648004150390648,18.637017822265648,12.831018066406273,29.195001220703148,28.408013916015648,19.149011230468773,22.534020996093773,30.592004394531273,28.661004638671898,23.142999267578148,28.176019287109398,25.135003662109398,29.040002441406273,26.872003173828148,24.351007080078148,17.421014404296898,29.691003417968773,14.866021728515648,20.723016357421898,22.763024902343773,23.823022460937523,30.932000732421898,19.749017333984398,18.045007324218773,28.334008789062523,26.142022705078148,27.234002685546898,18.709008789062523,25.525018310546898,29.307000732421898
2026-07-19,12:00,17.776025390625023,21.616021728515648,30.780999755859398,24.415002441406273,19.178002929687523,16.767999267578148,27.492028808593773,21.664025878906273,30.312005615234398,22.897027587890648,31.038018798828148,20.637017822265648,13.200006103515648,31.183007812500023,30.198022460937523,19.417016601562523,23.697015380859398,32.0830017089844,30.089013671875023,24.190026855468773,28.910028076171898,26.325006103515648,31.106011962890648,28.241021728515648,25.299005126953148,19.114007568359398,31.175012207031273,16.530023193359398,21.881005859375023,23.716027832031273,24.178002929687523,31.232019042968773,20.254022216796898,20.182000732421898,29.411004638671898,27.657006835937523,26.700006103515648,19.639001464843773,27.125024414062523,29.340020751953148
2026-07-19,13:00,17.461022949218773,21.847009277343773,32.17202148437502,24.825006103515648,20.058007812500023,15.515008544921898,27.586999511718773,22.184014892578148,31.247003173828148,23.836022949218773,32.6340270996094,21.613000488281273,11.433007812500023,32.63302001953127,31.742028808593773,19.544000244140648,24.107019042968773,33.03902587890627,31.501000976562523,24.218011474609398,29.607019042968773,27.040002441406273,32.4990173339844,29.065026855468773,26.139001464843773,20.105004882812523,31.753015136718773,17.894006347656273,22.702020263671898,23.277001953125023,24.384027099609398,31.313012695312523,20.394006347656273,20.770013427734398,30.453027343750023,28.308007812500023,24.894006347656273,17.896020507812523,28.118005371093773,29.423028564453148
2026-07-19,14:00,16.302026367187523,22.530999755859398,32.64602050781252,25.100000000000023,16.126000976562523,15.797021484375023,27.757012939453148,22.306024169921898,32.77102050781252,23.601007080078148,33.2490173339844,21.925012207031273,12.996026611328148,33.2850280761719,32.94500122070315,17.523004150390648,24.314019775390648,32.84401855468752,32.16301879882815,21.929010009765648,30.497003173828148,27.590020751953148,33.52202758789065,28.833001708984398,27.033013916015648,20.305017089843773,32.7650085449219,18.736016845703148,22.890008544921898,21.488000488281273,24.048028564453148,31.078027343750023,20.807000732421898,19.579003906250023,30.992028808593773,27.243005371093773,24.014001464843773,18.802026367187523,28.767022705078148,29.098016357421898
2026-07-19,15:00,15.662011718750023,20.182000732421898,32.20101318359377,25.064019775390648,16.547021484375023,16.901025390625023,27.262017822265648,22.692010498046898,32.55800781250002,22.686029052734398,33.34502563476565,21.849023437500023,12.055017089843773,34.27602539062502,33.54201660156252,16.150018310546898,24.135003662109398,32.0720153808594,32.29900512695315,22.847009277343773,30.750024414062523,26.302026367187523,32.94902954101565,27.706018066406273,27.371026611328148,20.150018310546898,32.46199951171877,18.901025390625023,23.054010009765648,20.441003417968773,23.372003173828148,30.482019042968773,20.432000732421898,21.108026123046898,31.252008056640648,26.979028320312523,23.219018554687523,18.344018554687523,28.596002197265648,28.396020507812523
2026-07-19,16:00,15.282006835937523,20.986016845703148,30.310021972656273,24.202020263671898,15.799005126953148,16.860009765625023,26.871026611328148,22.573999023437523,31.661004638671898,21.783013916015648,32.3950134277344,21.569024658203148,10.240014648437523,33.58602294921877,33.00002441406252,15.777001953125023,22.116021728515648,30.398004150390648,31.528009033203148,21.533013916015648,29.420007324218773,24.905999755859398,31.088006591796898,26.711022949218773,27.151025390625023,19.524011230468773,32.26900634765627,18.714013671875023,20.586999511718773,19.311029052734398,22.296014404296898,29.997003173828148,18.335015869140648,20.970025634765648,29.153009033203148,25.336022949218773,23.035028076171898,17.894006347656273,27.715020751953148,27.477014160156273
2026-07-19,17:00,14.800012207031273,19.400018310546898,28.264001464843773,22.539025878906273,14.723016357421898,15.838006591796898,25.850000000000023,20.834008789062523,28.869012451171898,20.843011474609398,31.567010498046898,17.915002441406273,9.379998779296898,31.737023925781273,32.1710144042969,15.408013916015648,21.800012207031273,27.876000976562523,31.135003662109398,19.838006591796898,28.969018554687523,21.810021972656273,28.702020263671898,25.073022460937523,26.521020507812523,17.477014160156273,30.011010742187523,17.725000000000023,18.997003173828148,17.810021972656273,20.677026367187523,29.002008056640648,17.089013671875023,20.269006347656273,27.684014892578148,22.757012939453148,20.795007324218773,18.697015380859398,26.198999023437523,26.153009033203148
2026-07-19,18:00,14.405999755859398,17.950006103515648,25.988000488281273,19.908013916015648,12.836022949218773,13.956018066406273,24.267999267578148,19.458001708984398,26.698999023437523,20.186029052734398,28.525018310546898,14.096002197265648,8.692010498046898,29.193017578125023,29.033013916015648,15.252008056640648,19.634027099609398,26.969018554687523,28.717004394531273,17.680017089843773,27.735009765625023,19.977014160156273,26.099023437500023,23.940026855468773,25.285028076171898,15.762017822265648,26.924005126953148,16.571008300781273,18.491021728515648,17.278009033203148,18.528009033203148,27.738000488281273,16.685998535156273,18.068017578125023,25.216027832031273,20.634027099609398,18.764001464843773,16.690026855468773,24.945001220703148,24.113000488281273
2026-07-19,19:00,14.080010986328148,16.223016357421898,24.020013427734398,18.379022216796898,12.612023925781273,13.736016845703148,22.082025146484398,17.463006591796898,24.570001220703148,18.829003906250023,26.883020019531273,13.661004638671898,8.616998291015648,27.506005859375023,27.269006347656273,14.573999023437523,18.700006103515648,26.109002685546898,27.029016113281273,15.697015380859398,25.976007080078148,17.334008789062523,24.405023193359398,23.164025878906273,23.091027832031273,13.859002685546898,25.914025878906273,15.992028808593773,16.426019287109398,17.770013427734398,17.605004882812523,26.693017578125023,14.960015869140648,16.816003417968773,23.691003417968773,17.205010986328148,18.711999511718773,14.441003417968773,23.754022216796898,22.286004638671898
2026-07-19,20:00,14.280999755859398,16.476007080078148,23.476007080078148,17.679010009765648,12.444024658203148,13.598016357421898,21.249017333984398,16.537011718750023,23.722009277343773,18.529016113281273,25.222009277343773,13.624017333984398,8.750024414062523,26.308007812500023,26.525018310546898,14.586999511718773,17.713006591796898,24.910028076171898,25.171014404296898,16.274011230468773,24.840020751953148,16.328027343750023,24.004022216796898,21.283013916015648,22.395013427734398,12.990014648437523,25.096002197265648,14.557000732421898,15.733026123046898,17.649011230468773,17.478021240234398,26.690026855468773,15.470025634765648,16.070001220703148,23.102014160156273,16.690026855468773,17.099023437500023,13.720025634765648,22.943017578125023,22.039025878906273
2026-07-19,21:00,13.642999267578148,16.264001464843773,22.849023437500023,17.620019531250023,12.542016601562523,13.148004150390648,20.262017822265648,16.310998535156273,22.858026123046898,17.500024414062523,24.992028808593773,12.775018310546898,8.931024169921898,25.357019042968773,25.508020019531273,14.206018066406273,16.799005126953148,24.484002685546898,24.364007568359398,14.305017089843773,23.249017333984398,15.520013427734398,23.360009765625023,21.742028808593773,21.754998779296898,13.146020507812523,24.803002929687523,13.778009033203148,15.247003173828148,17.659020996093773,17.937005615234398,25.684014892578148,15.751000976562523,15.852014160156273,22.070001220703148,16.033013916015648,16.830010986328148,13.827020263671898,22.336022949218773,22.027001953125023
2026-07-19,22:00,12.958001708984398,16.394006347656273,22.205010986328148,17.290002441406273,13.134027099609398,12.615014648437523,20.200006103515648,16.330010986328148,22.213006591796898,17.921014404296898,24.343011474609398,12.840020751953148,9.182000732421898,24.134027099609398,25.081018066406273,14.159020996093773,16.917016601562523,23.767999267578148,24.550012207031273,14.361016845703148,23.387017822265648,15.471002197265648,22.994012451171898,20.414025878906273,21.289025878906273,13.196008300781273,23.806024169921898,13.547021484375023,16.319024658203148,17.512017822265648,17.695001220703148,24.146020507812523,16.432000732421898,15.586999511718773,21.544000244140648,15.820001220703148,17.287011718750023,13.856011962890648,22.032006835937523,21.549005126953148
2026-07-19,23:00,13.444024658203148,15.904016113281273,21.788018798828148,18.457025146484398,11.848016357421898,12.538018798828148,19.649011230468773,15.984002685546898,21.719018554687523,17.358026123046898,23.663018798828148,14.308007812500023,8.718011474609398,23.509027099609398,23.385003662109398,13.933007812500023,16.875024414062523,23.663018798828148,23.920007324218773,14.391015625000023,22.787011718750023,15.419000244140648,22.881005859375023,20.159020996093773,20.542016601562523,13.228021240234398,23.352014160156273,13.623010253906273,15.335015869140648,16.567010498046898,16.892022705078148,23.464013671875023,16.551019287109398,14.379998779296898,21.275018310546898,15.573999023437523,16.917016601562523,14.197015380859398,21.867028808593773,21.111016845703148
2026-07-20,00:00,13.210015869140648,15.481011962890648,21.696008300781273,18.072015380859398,11.972009277343773,12.353021240234398,18.984002685546898,16.390008544921898,21.271020507812523,16.379022216796898,23.246026611328148,13.795007324218773,7.509027099609398,23.084008789062523,22.528009033203148,14.029016113281273,16.761010742187523,23.490014648437523,23.385003662109398,13.903009033203148,22.557000732421898,15.347009277343773,22.892022705078148,19.773004150390648,20.609002685546898,13.185021972656273,24.140008544921898,13.442010498046898,15.222009277343773,16.154016113281273,16.850000000000023,23.140008544921898,16.751000976562523,15.432000732421898,20.845025634765648,15.852014160156273,17.017999267578148,13.742028808593773,21.351007080078148,20.933007812500023
2026-07-20,01:00,13.633020019531273,15.174005126953148,21.405023193359398,17.961022949218773,12.139001464843773,12.216027832031273,18.761010742187523,15.905023193359398,21.002008056640648,16.241021728515648,22.776025390625023,13.599023437500023,7.672021484375023,22.641015625000023,22.250024414062523,14.225000000000023,15.660028076171898,23.380029296875023,22.766015625000023,14.336999511718773,21.559014892578148,15.461999511718773,22.860009765625023,19.303002929687523,19.801019287109398,11.754998779296898,23.423028564453148,12.948999023437523,15.297021484375023,15.563012695312523,16.538018798828148,23.246026611328148,16.588006591796898,14.057000732421898,20.161004638671898,15.220025634765648,17.549005126953148,13.744012451171898,20.830010986328148,20.795007324218773
2026-07-20,02:00,13.392999267578148,14.753015136718773,21.384027099609398,18.501000976562523,11.086022949218773,12.063012695312523,18.704003906250023,15.831018066406273,20.859002685546898,16.758020019531273,22.247003173828148,13.204003906250023,7.721002197265648,22.050012207031273,21.784020996093773,14.770013427734398,15.799005126953148,21.822015380859398,22.329003906250023,14.280023193359398,20.307000732421898,15.786004638671898,21.940026855468773,18.767999267578148,19.448022460937523,11.863000488281273,23.721002197265648,12.211999511718773,14.012017822265648,15.682000732421898,16.208001708984398,22.843011474609398,16.586999511718773,14.821008300781273,19.383020019531273,15.878015136718773,17.288018798828148,13.381005859375023,20.306024169921898,20.775018310546898
2026-07-20,03:00,13.568017578125023,13.896020507812523,20.931024169921898,17.526025390625023,11.006005859375023,11.779016113281273,18.651025390625023,15.942010498046898,20.692010498046898,16.796014404296898,21.754022216796898,12.677026367187523,7.379998779296898,21.771020507812523,21.293023681640648,14.537011718750023,15.640008544921898,21.446008300781273,21.814019775390648,14.376000976562523,20.136010742187523,16.097009277343773,22.117028808593773,18.390008544921898,19.327020263671898,11.453027343750023,23.519006347656273,11.969018554687523,13.672021484375023,15.596002197265648,15.999017333984398,22.909020996093773,16.068017578125023,14.753015136718773,19.257012939453148,15.795007324218773,17.746026611328148,12.653009033203148,19.986016845703148,20.203027343750023
2026-07-20,04:00,13.310998535156273,13.623010253906273,20.626000976562523,16.399011230468773,11.280023193359398,10.836999511718773,18.605004882812523,16.351007080078148,20.443017578125023,16.530023193359398,21.094018554687523,12.149011230468773,7.743005371093773,21.280023193359398,21.142022705078148,14.295007324218773,15.344018554687523,20.928002929687523,21.385003662109398,14.389001464843773,19.491021728515648,16.106011962890648,21.930017089843773,18.215020751953148,19.096002197265648,11.062005615234398,23.899011230468773,11.767999267578148,13.158013916015648,15.146020507812523,15.689019775390648,22.681024169921898,15.646020507812523,14.350000000000023,19.045007324218773,15.869012451171898,16.918023681640648,12.622003173828148,19.426019287109398,19.570001220703148
2026-07-20,05:00,14.010003662109398,13.351007080078148,20.228021240234398,15.218011474609398,12.383020019531273,10.801019287109398,18.420007324218773,16.132012939453148,20.266015625000023,16.740014648437523,20.780999755859398,11.815026855468773,7.770013427734398,20.947015380859398,21.084008789062523,14.669000244140648,14.168023681640648,20.761010742187523,20.831018066406273,14.075006103515648,19.354028320312523,16.310998535156273,21.184014892578148,18.007012939453148,18.698999023437523,11.172021484375023,22.917016601562523,11.057000732421898,12.808007812500023,14.946008300781273,16.096002197265648,22.659020996093773,15.211999511718773,13.822015380859398,18.871026611328148,15.993005371093773,16.884027099609398,11.573999023437523,19.273004150390648,19.441003417968773
2026-07-20,06:00,14.178002929687523,12.977014160156273,19.882012939453148,15.652001953125023,11.498010253906273,11.016015625000023,18.056024169921898,16.333001708984398,19.950006103515648,16.593011474609398,20.555017089843773,11.896020507812523,6.515008544921898,20.430017089843773,20.602014160156273,14.332025146484398,14.432000732421898,20.611016845703148,20.788018798828148,12.979028320312523,19.590020751953148,16.131005859375023,20.754998779296898,18.391015625000023,19.202020263671898,11.691003417968773,23.208001708984398,11.201013183593773,12.246026611328148,14.475000000000023,15.672021484375023,22.131005859375023,14.588006591796898,12.728021240234398,18.754022216796898,16.115014648437523,17.294000244140648,10.422021484375023,18.886010742187523,19.215020751953148
2026-07-20,07:00,14.649011230468773,13.779016113281273,20.219018554687523,15.813012695312523,11.920007324218773,11.373010253906273,18.517022705078148,17.307000732421898,20.182000732421898,17.539025878906273,20.978021240234398,12.633020019531273,7.405023193359398,20.836022949218773,20.863000488281273,15.368005371093773,14.711022949218773,20.807000732421898,20.567010498046898,13.429010009765648,19.733026123046898,16.998010253906273,21.149011230468773,18.926019287109398,19.169000244140648,10.890008544921898,22.667016601562523,11.254022216796898,12.537011718750023,14.843011474609398,16.527001953125023,22.647027587890648,15.762017822265648,13.625024414062523,19.065026855468773,16.621026611328148,17.848016357421898,11.167016601562523,19.217004394531273,19.921014404296898
2026-07-20,08:00,16.291009521484398,15.763024902343773,22.107019042968773,18.267999267578148,14.075006103515648,12.846002197265648,20.305017089843773,18.693017578125023,22.316003417968773,19.294000244140648,22.988000488281273,14.924005126953148,9.343011474609398,23.107019042968773,22.798028564453148,16.779016113281273,16.159020996093773,23.341027832031273,22.843011474609398,15.857019042968773,21.581018066406273,19.172021484375023,23.174005126953148,21.328027343750023,20.434014892578148,13.144006347656273,24.365014648437523,12.619012451171898,15.604028320312523,16.215020751953148,19.058007812500023,25.662011718750023,17.318017578125023,15.952020263671898,21.448999023437523,19.737023925781273,21.731011962890648,14.351007080078148,20.728021240234398,23.177026367187523
2026-07-20,09:00,16.663018798828148,17.511010742187523,24.285028076171898,22.323022460937523,14.721002197265648,14.175012207031273,21.629998779296898,18.860009765625023,24.222009277343773,19.926019287109398,25.389001464843773,16.888024902343773,10.113000488281273,24.977014160156273,24.697015380859398,17.474023437500023,18.624017333984398,26.582025146484398,24.170007324218773,18.032006835937523,23.987023925781273,22.649011230468773,24.853021240234398,23.414025878906273,22.027001953125023,14.780023193359398,25.936029052734398,14.368005371093773,18.178002929687523,18.708001708984398,20.532006835937523,29.273004150390648,17.866021728515648,17.242028808593773,23.515008544921898,23.377008056640648,24.907006835937523,16.397027587890648,22.852014160156273,25.429010009765648
2026-07-20,10:00,17.136010742187523,19.746026611328148,26.288018798828148,23.642022705078148,16.114007568359398,15.482019042968773,23.502008056640648,19.678002929687523,26.111016845703148,20.667016601562523,27.222009277343773,18.592004394531273,11.578027343750023,26.631005859375023,26.529016113281273,18.082025146484398,20.601007080078148,29.684014892578148,26.188012695312523,20.560021972656273,25.990014648437523,25.050012207031273,26.544000244140648,24.740014648437523,23.202020263671898,16.515008544921898,27.702020263671898,16.020013427734398,19.787011718750023,21.027001953125023,22.123010253906273,30.080010986328148,18.489007568359398,16.722009277343773,25.264001464843773,25.378015136718773,25.947015380859398,17.925012207031273,24.642999267578148,26.972009277343773
2026-07-20,11:00,17.170007324218773,21.392022705078148,28.403009033203148,23.710015869140648,17.404016113281273,16.017022705078148,25.181024169921898,20.424005126953148,27.792016601562523,21.439019775390648,29.069024658203148,20.547021484375023,11.778009033203148,28.622003173828148,28.293023681640648,18.884027099609398,22.659020996093773,30.574029541015648,28.191003417968773,22.336999511718773,27.697015380859398,26.202020263671898,28.814019775390648,26.409020996093773,24.325006103515648,18.194024658203148,29.612023925781273,17.582025146484398,21.280999755859398,22.945001220703148,22.989007568359398,32.06902465820315,19.107019042968773,19.571008300781273,27.265008544921898,26.186029052734398,26.122003173828148,19.120019531250023,26.366021728515648,28.455010986328148
2026-07-20,12:00,16.823022460937523,22.537011718750023,29.579003906250023,23.565026855468773,18.358026123046898,15.809014892578148,26.748010253906273,21.426019287109398,29.343011474609398,22.082025146484398,30.606011962890648,21.629022216796898,12.817010498046898,30.499017333984398,29.908013916015648,18.933007812500023,24.117028808593773,31.751000976562523,29.426019287109398,23.430017089843773,28.921014404296898,27.147027587890648,30.588006591796898,27.961999511718773,25.532006835937523,19.995019531250023,30.594018554687523,18.825006103515648,22.425012207031273,23.745019531250023,23.180017089843773,30.579003906250023,19.321008300781273,20.346002197265648,28.377008056640648,28.223016357421898,26.386010742187523,19.740014648437523,27.557000732421898,29.181024169921898
2026-07-20,13:00,15.770013427734398,23.682000732421898,31.028009033203148,24.076013183593773,16.687005615234398,15.629022216796898,26.801019287109398,22.004022216796898,29.945001220703148,22.929010009765648,31.537011718750023,22.177026367187523,11.052026367187523,31.822015380859398,31.451013183593773,17.675012207031273,24.387017822265648,32.06002197265627,30.511010742187523,22.308007812500023,29.475000000000023,27.619012451171898,32.1190124511719,28.455010986328148,26.086999511718773,20.899011230468773,31.695001220703148,19.182000732421898,23.331018066406273,21.325006103515648,23.267022705078148,31.029016113281273,18.723016357421898,21.086022949218773,29.466027832031273,27.635003662109398,23.231011962890648,17.988000488281273,28.360009765625023,28.762017822265648
2026-07-20,14:00,15.567010498046898,23.068017578125023,32.14800415039065,24.525018310546898,14.509027099609398,16.580010986328148,25.713006591796898,21.098016357421898,31.188012695312523,22.484002685546898,32.19500122070315,22.728021240234398,10.905023193359398,32.71901855468752,32.79302368164065,15.582025146484398,24.730004882812523,32.38802490234377,31.055017089843773,22.671014404296898,29.467004394531273,25.750024414062523,32.82302246093752,28.058007812500023,26.800012207031273,21.122003173828148,32.23800048828127,20.198022460937523,23.644006347656273,21.345025634765648,23.172021484375023,30.697015380859398,19.317010498046898,21.543023681640648,29.371026611328148,27.025018310546898,23.786004638671898,18.117028808593773,28.901025390625023,28.833001708984398
2026-07-20,15:00,15.227014160156273,22.182000732421898,29.333001708984398,24.147027587890648,15.409020996093773,16.131005859375023,26.817010498046898,20.487023925781273,31.889001464843773,21.235009765625023,32.94802246093752,22.612023925781273,9.832025146484398,33.39602050781252,33.0770202636719,15.382012939453148,24.433007812500023,31.826013183593773,31.448022460937523,22.298028564453148,30.455010986328148,23.237023925781273,30.917016601562523,27.434014892578148,27.052026367187523,21.242028808593773,32.4780212402344,19.729028320312523,23.554010009765648,19.876000976562523,22.687005615234398,30.331018066406273,18.067010498046898,21.362023925781273,29.685021972656273,25.091027832031273,22.165002441406273,19.348016357421898,28.911004638671898,28.335015869140648
2026-07-20,16:00,14.874017333984398,20.631005859375023,27.825006103515648,23.347009277343773,13.397027587890648,15.784020996093773,26.092004394531273,20.092004394531273,30.074029541015648,19.869012451171898,31.927026367187523,20.562005615234398,10.205010986328148,32.1350036621094,31.545007324218773,15.302026367187523,23.142999267578148,29.111016845703148,30.061029052734398,20.178002929687523,29.037011718750023,22.755029296875023,30.392999267578148,26.983026123046898,26.145013427734398,19.641015625000023,30.586022949218773,19.710015869140648,20.702020263671898,18.845025634765648,21.621026611328148,29.808007812500023,16.867028808593773,21.283013916015648,28.550012207031273,24.211022949218773,22.352014160156273,19.412011718750023,27.886010742187523,27.086022949218773
2026-07-20,17:00,14.606011962890648,19.160028076171898,26.888024902343773,21.871026611328148,14.695001220703148,13.951013183593773,25.014001464843773,19.948999023437523,28.246026611328148,19.461999511718773,30.051019287109398,16.589013671875023,9.519006347656273,30.721002197265648,30.269006347656273,15.333001708984398,21.970025634765648,27.762017822265648,29.663018798828148,18.111016845703148,28.301019287109398,21.296014404296898,28.567010498046898,23.450006103515648,25.519006347656273,18.358026123046898,29.126000976562523,18.529016113281273,19.638024902343773,17.917016601562523,20.181024169921898,28.503015136718773,15.875024414062523,20.304010009765648,26.341027832031273,22.602014160156273,20.618005371093773,18.022027587890648,24.792016601562523,25.642022705078148
2026-07-20,18:00,14.305017089843773,17.042016601562523,25.293023681640648,18.964013671875023,13.188012695312523,13.644006347656273,23.336999511718773,18.091027832031273,26.332025146484398,18.926019287109398,27.986016845703148,14.551019287109398,9.211022949218773,29.097009277343773,28.171014404296898,15.196008300781273,19.608026123046898,26.383020019531273,28.589013671875023,16.816003417968773,26.839013671875023,19.515008544921898,26.161004638671898,22.825006103515648,22.942010498046898,16.662011718750023,26.634027099609398,17.526025390625023,18.516015625000023,16.870019531250023,18.222009277343773,26.928002929687523,15.661004638671898,17.238000488281273,24.270013427734398,20.210015869140648,18.404016113281273,13.967004394531273,23.913018798828148,23.969018554687523
2026-07-20,19:00,14.191003417968773,15.808007812500023,23.804010009765648,17.500024414062523,12.477014160156273,11.862023925781273,21.793023681640648,16.871026611328148,24.677026367187523,18.352014160156273,26.713006591796898,13.635003662109398,8.777001953125023,27.055017089843773,26.388024902343773,14.932000732421898,18.053002929687523,25.496026611328148,26.356011962890648,14.907006835937523,25.285028076171898,16.790002441406273,25.083001708984398,22.161004638671898,22.435021972656273,15.068017578125023,24.645013427734398,16.312005615234398,16.736016845703148,16.588006591796898,17.016015625000023,26.538018798828148,15.403009033203148,16.885003662109398,22.844018554687523,17.902001953125023,18.503015136718773,13.237023925781273,22.271020507812523,22.597009277343773
2026-07-20,20:00,14.176019287109398,15.021020507812523,23.003015136718773,16.957025146484398,12.593011474609398,12.461022949218773,20.644006347656273,16.589013671875023,23.698999023437523,17.664025878906273,25.360009765625023,13.445001220703148,8.461999511718773,25.757012939453148,25.601007080078148,14.354028320312523,18.149011230468773,24.961022949218773,25.091027832031273,15.329003906250023,23.927026367187523,15.951013183593773,24.610009765625023,22.020013427734398,22.698999023437523,13.637017822265648,24.160028076171898,14.776025390625023,16.528009033203148,16.285028076171898,16.334008789062523,26.530999755859398,15.352014160156273,16.666009521484398,21.979028320312523,16.356011962890648,17.167016601562523,11.945001220703148,21.580010986328148,22.119012451171898
2026-07-20,21:00,14.001000976562523,15.537011718750023,22.647027587890648,17.557000732421898,13.127008056640648,12.713006591796898,20.030023193359398,16.413018798828148,23.046014404296898,16.969018554687523,24.968011474609398,13.396020507812523,8.715020751953148,24.851007080078148,25.423028564453148,14.161004638671898,17.425012207031273,24.865014648437523,24.460015869140648,15.109002685546898,22.850000000000023,15.568017578125023,24.271020507812523,22.030999755859398,21.681024169921898,12.948022460937523,23.498010253906273,14.639001464843773,15.805017089843773,16.056024169921898,16.397027587890648,26.371026611328148,16.526025390625023,15.383020019531273,21.728021240234398,15.692010498046898,16.242028808593773,12.586022949218773,21.811029052734398,22.062005615234398
2026-07-20,22:00,13.169000244140648,15.567010498046898,22.084008789062523,17.090020751953148,12.823022460937523,12.721002197265648,19.897027587890648,16.303002929687523,22.823022460937523,16.669000244140648,25.142022705078148,13.200006103515648,8.845025634765648,24.561029052734398,24.930017089843773,14.732019042968773,16.968011474609398,24.278009033203148,24.155999755859398,15.142022705078148,22.073022460937523,15.659020996093773,23.975000000000023,20.417016601562523,21.107019042968773,12.398004150390648,23.445001220703148,14.203027343750023,14.816003417968773,15.951013183593773,16.692010498046898,25.858026123046898,16.620019531250023,15.157006835937523,21.166009521484398,15.304010009765648,17.357019042968773,12.891015625000023,21.676019287109398,21.691003417968773
2026-07-20,23:00,13.190026855468773,14.873010253906273,21.621026611328148,17.460015869140648,11.546014404296898,11.165002441406273,19.456018066406273,15.983026123046898,22.313012695312523,17.203027343750023,24.600000000000023,12.702020263671898,7.279016113281273,23.734002685546898,24.506005859375023,13.825006103515648,16.924005126953148,22.737023925781273,23.961022949218773,14.973016357421898,21.438012695312523,14.953027343750023,23.727014160156273,19.892022705078148,20.931024169921898,12.647027587890648,22.662011718750023,14.052026367187523,14.404016113281273,15.926019287109398,15.918023681640648,24.358026123046898,16.326013183593773,14.986016845703148,20.615014648437523,15.141015625000023,17.207025146484398,12.025018310546898,21.496026611328148,21.019006347656273
2026-07-21,00:00,12.852014160156273,14.691003417968773,21.552026367187523,17.827020263671898,11.711999511718773,11.116998291015648,19.076013183593773,16.038018798828148,21.764001464843773,17.030023193359398,24.265008544921898,12.909020996093773,6.874017333984398,23.111016845703148,22.839013671875023,14.135003662109398,16.536004638671898,22.363000488281273,23.958001708984398,15.004998779296898,21.346002197265648,15.172021484375023,23.580010986328148,19.799005126953148,19.854028320312523,12.448999023437523,22.168023681640648,13.081018066406273,14.204003906250023,15.739007568359398,15.648004150390648,23.419000244140648,16.780023193359398,14.703027343750023,20.148004150390648,15.228021240234398,16.637017822265648,11.947015380859398,20.884027099609398,20.737023925781273
2026-07-21,01:00,13.546014404296898,14.660028076171898,21.299005126953148,17.777001953125023,11.629022216796898,10.887017822265648,18.715020751953148,16.172021484375023,21.335015869140648,16.349023437500023,23.111016845703148,13.294000244140648,7.691003417968773,22.663018798828148,22.447015380859398,13.854028320312523,16.472009277343773,21.999017333984398,23.798028564453148,14.925012207031273,21.137017822265648,14.801019287109398,23.498010253906273,19.764001464843773,19.178002929687523,11.877008056640648,22.089013671875023,12.534020996093773,13.404016113281273,14.720025634765648,15.157006835937523,22.723016357421898,16.749017333984398,14.302026367187523,19.653009033203148,15.175012207031273,16.560021972656273,12.913018798828148,20.179010009765648,20.728021240234398
2026-07-21,02:00,13.138024902343773,14.211999511718773,21.033013916015648,17.573022460937523,11.734002685546898,10.705010986328148,18.425012207031273,16.240014648437523,20.916009521484398,15.809014892578148,22.650018310546898,13.433007812500023,6.769006347656273,22.387017822265648,21.976007080078148,13.864007568359398,16.280999755859398,22.244012451171898,22.620019531250023,14.855004882812523,20.977014160156273,14.386010742187523,23.291009521484398,18.937005615234398,18.825006103515648,11.318017578125023,21.639001464843773,12.948999023437523,13.418023681640648,14.556024169921898,14.931024169921898,22.780999755859398,16.711022949218773,14.916009521484398,19.355004882812523,15.038018798828148,16.547021484375023,12.127008056640648,19.897027587890648,20.269006347656273
2026-07-21,03:00,12.511010742187523,13.783013916015648,19.887017822265648,17.452020263671898,11.942010498046898,9.878015136718773,18.248010253906273,16.081018066406273,20.829003906250023,16.149011230468773,22.184014892578148,13.331018066406273,5.952020263671898,22.491021728515648,21.780023193359398,13.762017822265648,16.702020263671898,22.525018310546898,22.306024169921898,14.510003662109398,20.819024658203148,14.827020263671898,22.488000488281273,18.849023437500023,18.948022460937523,11.731011962890648,21.636010742187523,12.846002197265648,13.043023681640648,14.616021728515648,14.849023437500023,22.793023681640648,15.703027343750023,13.935021972656273,19.024011230468773,15.280999755859398,16.429010009765648,11.267999267578148,19.735009765625023,19.691003417968773
2026-07-21,04:00,12.410028076171898,13.856011962890648,19.244012451171898,16.595025634765648,11.283013916015648,10.019006347656273,18.191003417968773,15.517999267578148,20.416009521484398,15.945001220703148,21.839013671875023,12.767022705078148,6.203027343750023,21.751000976562523,21.612023925781273,13.868005371093773,15.446008300781273,22.517022705078148,21.884027099609398,14.529016113281273,20.767022705078148,14.451013183593773,23.054010009765648,19.177026367187523,18.369012451171898,11.918023681640648,21.256005859375023,12.489007568359398,12.812005615234398,14.634027099609398,14.845025634765648,22.280023193359398,15.140008544921898,13.445001220703148,18.826013183593773,14.797021484375023,16.113000488281273,12.207025146484398,19.298028564453148,19.512017822265648
2026-07-21,05:00,13.091027832031273,13.382012939453148,19.263024902343773,16.084008789062523,11.205010986328148,9.616998291015648,17.911004638671898,15.571008300781273,19.813012695312523,15.931024169921898,21.593011474609398,12.816003417968773,5.984002685546898,21.257012939453148,21.390008544921898,14.043023681640648,16.082025146484398,22.254998779296898,21.927026367187523,14.478021240234398,20.391015625000023,14.710015869140648,22.904016113281273,18.619012451171898,18.410028076171898,10.602014160156273,21.041009521484398,12.214013671875023,12.092004394531273,13.986016845703148,14.977014160156273,21.719018554687523,14.410028076171898,14.251000976562523,18.753015136718773,14.638024902343773,15.575006103515648,11.024011230468773,19.024011230468773,19.516015625000023
2026-07-21,06:00,13.540002441406273,13.043023681640648,19.327020263671898,15.525018310546898,12.785028076171898,10.145013427734398,18.112023925781273,15.381005859375023,19.698022460937523,15.675012207031273,21.288018798828148,12.002008056640648,5.655023193359398,20.969018554687523,21.108026123046898,14.236016845703148,15.085015869140648,21.645013427734398,21.108026123046898,14.491021728515648,20.234002685546898,14.467004394531273,22.892999267578148,18.456018066406273,18.000024414062523,11.765008544921898,20.402001953125023,12.100000000000023,11.938012695312523,13.507012939453148,14.847009277343773,22.014001464843773,14.825006103515648,13.658013916015648,19.017022705078148,14.538018798828148,15.307000732421898,11.025018310546898,19.051019287109398,19.101007080078148
2026-07-21,07:00,13.484002685546898,13.288018798828148,19.678002929687523,16.120019531250023,12.346002197265648,10.141015625000023,17.956018066406273,15.967004394531273,20.814019775390648,16.558007812500023,21.888024902343773,12.698999023437523,6.071008300781273,20.990014648437523,20.836999511718773,15.076013183593773,15.413018798828148,22.030023193359398,20.870019531250023,14.594018554687523,20.289025878906273,15.100000000000023,22.765008544921898,18.629022216796898,17.425012207031273,11.038018798828148,21.037011718750023,11.413018798828148,12.132012939453148,13.668023681640648,15.888024902343773,22.684014892578148,15.532006835937523,13.895013427734398,19.484002685546898,14.916009521484398,15.803002929687523,11.579003906250023,19.274011230468773,19.995019531250023
2026-07-21,08:00,14.628015136718773,14.638024902343773,22.016015625000023,18.849023437500023,12.452020263671898,12.180017089843773,19.878015136718773,16.774011230468773,23.460015869140648,17.333001708984398,23.367028808593773,14.799005126953148,8.637017822265648,23.262017822265648,22.944024658203148,16.471002197265648,15.331018066406273,24.244012451171898,22.610009765625023,14.759027099609398,20.806024169921898,17.364007568359398,23.745019531250023,20.610009765625023,17.960015869140648,13.333001708984398,22.892022705078148,12.918023681640648,14.504022216796898,15.597009277343773,18.271020507812523,26.107019042968773,17.122003173828148,13.675012207031273,22.711999511718773,18.085015869140648,18.040002441406273,14.208001708984398,20.251000976562523,23.461999511718773
2026-07-21,09:00,15.655999755859398,17.386010742187523,24.796014404296898,22.675012207031273,13.823022460937523,13.538018798828148,21.918023681640648,16.914025878906273,25.214013671875023,18.194024658203148,25.542016601562523,15.970025634765648,9.726007080078148,25.341027832031273,24.947015380859398,16.039025878906273,15.081018066406273,26.017022705078148,24.508020019531273,15.617028808593773,22.027001953125023,21.010003662109398,25.320001220703148,22.186029052734398,18.338006591796898,16.347009277343773,25.052026367187523,14.464013671875023,17.817010498046898,17.992028808593773,19.901025390625023,28.413018798828148,18.530023193359398,14.275018310546898,24.500024414062523,21.989007568359398,21.417016601562523,15.883020019531273,21.811029052734398,25.952020263671898
2026-07-21,10:00,16.134027099609398,18.823999023437523,27.001000976562523,24.107019042968773,14.961022949218773,14.469018554687523,24.481011962890648,17.608026123046898,26.886010742187523,18.051019287109398,26.693017578125023,16.151025390625023,10.665002441406273,27.165002441406273,26.940026855468773,17.646020507812523,18.168023681640648,26.951013183593773,25.905999755859398,17.322015380859398,25.060021972656273,22.919000244140648,26.766015625000023,23.729028320312523,21.217004394531273,16.865014648437523,27.192010498046898,14.754998779296898,19.895013427734398,20.938012695312523,21.434014892578148,29.579003906250023,19.435021972656273,14.340020751953148,26.179010009765648,23.500024414062523,23.935021972656273,17.611016845703148,22.391015625000023,27.082025146484398
2026-07-21,11:00,16.788018798828148,20.223016357421898,28.791009521484398,24.306024169921898,16.530023193359398,16.306024169921898,25.835015869140648,18.696008300781273,28.536004638671898,19.551019287109398,29.336999511718773,17.067010498046898,11.720025634765648,28.932000732421898,28.717004394531273,18.047021484375023,19.642022705078148,28.195001220703148,28.407006835937523,20.873010253906273,25.523004150390648,24.539025878906273,28.288018798828148,25.086022949218773,21.942010498046898,18.529016113281273,28.982019042968773,15.778009033203148,21.445001220703148,22.864007568359398,22.640008544921898,31.645013427734398,19.698999023437523,15.207025146484398,28.122003173828148,25.071008300781273,24.968011474609398,18.706018066406273,24.297021484375023,28.019006347656273
2026-07-21,12:00,16.488000488281273,21.228021240234398,30.230004882812523,24.372003173828148,17.767022705078148,15.979028320312523,27.155023193359398,19.137017822265648,30.041009521484398,21.918023681640648,31.011010742187523,19.484002685546898,11.935998535156273,30.589013671875023,29.892022705078148,17.419000244140648,20.345025634765648,30.048028564453148,29.366021728515648,20.823022460937523,27.090020751953148,26.229028320312523,29.994012451171898,26.601007080078148,21.257012939453148,20.135003662109398,30.312005615234398,17.506005859375023,22.418023681640648,23.767022705078148,23.401025390625023,32.06502685546877,20.008020019531273,16.580010986328148,29.725000000000023,26.907006835937523,24.554010009765648,18.582025146484398,22.874017333984398,28.794000244140648
2026-07-21,13:00,15.856011962890648,22.711999511718773,31.438012695312523,24.948022460937523,17.575006103515648,15.657006835937523,27.682000732421898,19.618005371093773,31.494012451171898,21.296014404296898,32.20101318359377,21.040002441406273,10.626000976562523,32.35000000000002,31.400018310546898,16.040002441406273,19.184014892578148,31.588006591796898,30.935021972656273,22.622003173828148,28.255029296875023,27.088006591796898,31.517022705078148,27.631005859375023,23.986016845703148,20.994012451171898,31.233026123046898,17.648004150390648,23.096002197265648,23.086022949218773,23.955010986328148,31.447015380859398,20.191003417968773,15.773004150390648,29.905023193359398,27.085015869140648,23.796014404296898,18.223016357421898,21.629998779296898,29.153009033203148
2026-07-21,14:00,15.397027587890648,23.121026611328148,32.36000976562502,25.001000976562523,18.001000976562523,17.129998779296898,27.737023925781273,20.589013671875023,32.16301879882815,21.276025390625023,32.80901489257815,21.670007324218773,12.308007812500023,33.45601806640627,32.7130065917969,15.492028808593773,21.715020751953148,32.58602294921877,32.05901489257815,21.652001953125023,27.966027832031273,26.772027587890648,32.54302368164065,29.038018798828148,25.492028808593773,21.584008789062523,29.429010009765648,18.218011474609398,23.718011474609398,20.871026611328148,23.619012451171898,31.489007568359398,19.832025146484398,15.844018554687523,30.673028564453148,26.981011962890648,24.226007080078148,20.926019287109398,21.765008544921898,28.959008789062523
2026-07-21,15:00,15.760003662109398,23.904016113281273,32.10500488281252,24.696008300781273,15.055017089843773,16.905023193359398,27.693017578125023,21.025018310546898,32.24602661132815,21.099023437500023,33.30001220703127,21.623010253906273,11.784020996093773,33.94802246093752,33.25502929687502,15.595025634765648,22.821008300781273,32.2390075683594,31.910028076171898,20.822015380859398,29.537011718750023,25.892999267578148,33.10701904296877,28.341027832031273,24.563012695312523,19.754998779296898,29.463006591796898,19.112023925781273,22.832025146484398,19.799005126953148,22.735009765625023,31.578027343750023,18.579003906250023,17.421014404296898,29.999017333984398,26.153009033203148,24.095025634765648,20.136010742187523,22.542016601562523,28.141015625000023
2026-07-21,16:00,15.069024658203148,20.819024658203148,30.517999267578148,23.787011718750023,16.659020996093773,17.248010253906273,26.861016845703148,21.265008544921898,31.278009033203148,20.009027099609398,31.951013183593773,20.857019042968773,10.820001220703148,33.73500976562502,32.01201782226565,15.357019042968773,22.059014892578148,29.725000000000023,31.572015380859398,20.202020263671898,28.235009765625023,24.519006347656273,32.52602539062502,27.685021972656273,24.465020751953148,19.140008544921898,29.694024658203148,18.644006347656273,22.126000976562523,19.916009521484398,21.809014892578148,30.767999267578148,17.411004638671898,17.030999755859398,28.770013427734398,24.731011962890648,22.602014160156273,19.761010742187523,22.098016357421898,27.023004150390648
2026-07-21,17:00,14.616021728515648,20.504022216796898,28.232019042968773,22.427026367187523,14.860009765625023,15.990014648437523,25.750024414062523,20.914025878906273,28.998010253906273,19.658013916015648,30.872003173828148,18.895013427734398,9.836999511718773,30.983026123046898,31.534020996093773,15.217004394531273,20.839013671875023,28.578027343750023,30.325006103515648,17.800012207031273,28.207025146484398,22.795007324218773,29.983026123046898,25.721002197265648,23.255029296875023,17.850000000000023,27.694024658203148,17.820001220703148,20.222009277343773,19.841027832031273,20.627008056640648,29.835015869140648,16.769006347656273,17.947015380859398,27.968011474609398,23.063012695312523,20.760003662109398,18.550012207031273,21.892999267578148,25.594018554687523
2026-07-21,18:00,14.274011230468773,18.073022460937523,25.637017822265648,20.157006835937523,13.877008056640648,13.622003173828148,24.355004882812523,19.295007324218773,26.076013183593773,18.908013916015648,28.618005371093773,14.411004638671898,8.818017578125023,28.819024658203148,28.923028564453148,15.050012207031273,18.934014892578148,28.295007324218773,29.365014648437523,16.776025390625023,27.581018066406273,19.679010009765648,28.238000488281273,24.332025146484398,23.298028564453148,15.300012207031273,25.594018554687523,16.408013916015648,17.840020751953148,17.883020019531273,18.517999267578148,28.290002441406273,16.456018066406273,15.129022216796898,24.662011718750023,20.941003417968773,19.586999511718773,15.638024902343773,22.142999267578148,23.740014648437523
2026-07-21,19:00,14.011010742187523,16.606011962890648,23.870019531250023,17.266015625000023,12.433007812500023,12.935998535156273,22.420007324218773,17.821008300781273,24.364007568359398,18.628015136718773,26.086022949218773,15.385003662109398,8.039025878906273,26.892022705078148,26.765008544921898,14.524011230468773,18.414025878906273,26.530999755859398,26.629022216796898,15.984002685546898,26.349023437500023,17.904016113281273,25.842004394531273,22.817010498046898,22.229028320312523,14.215020751953148,24.017022705078148,15.124017333984398,16.046014404296898,17.222009277343773,17.164025878906273,26.682000732421898,14.817010498046898,15.091027832031273,23.417016601562523,17.336022949218773,18.839013671875023,13.371026611328148,21.800012207031273,22.312005615234398
