fecha,hora,473,47E1F02E,47201542,4724D566,472606FA,4727F484,4727470A,472FF022,472F50DA,472F86B2,472FA05E,47E94706,472C92CA,472F6540,472F7636,472FB328,472FE354,472F00A6,472F95C4,47E281B0,472FC5B8,47E3055E,472FD6CE,472F43AC,4726706A,472680EE,47269398,4726A602,4726C3E4,472D4658,472EA2A4,472F13D0,47E35522,105130,47E1D6C2,47E1E358,47E1C5B4,47E207A4,221008,106140
2026-02-18,19:00,13.915464668743391,16.491894144200742,23.67095879606501,22.5921411749526,12.41977133559057,11.593686934707025,24.04233274279129,18.282079177222187,27.24189740461874,19.40205492582122,25.99355265223365,14.176594254725686,9.776098650556838,27.761777830623117,25.469782839321624,13.52943743929398,19.36983382066637,25.30461962112914,27.55438677058516,16.584343850474273,24.064146004285465,18.8308641090499,28.276320646307937,23.33985688715839,23.309810298190477,14.031373043461135,26.73678575512575,13.683817867845072,15.81242525518146,13.01649656019789,20.09891647656953,25.97289751793145,16.878056058419737,22.35584433325661,21.09238547109516,21.04511377066849,16.875836632983287,19.88908529529587,21.149761024696613,24.957127981485687
2026-02-18,20:00,13.903865450841009,16.08879920169699,24.684044985608654,22.090281130263644,12.07372221971788,11.507766004235709,23.52107300921426,17.76821367971374,27.221174922914837,18.645111119686685,25.76855151106312,13.654553088876664,7.494823815268535,26.900510579501784,24.384703021432355,13.123284929485171,17.734309625869127,24.291053111152628,26.98086898153167,16.085693342955615,24.00866342398625,17.770693292847454,26.34439260748991,21.458061416150773,23.81499088151765,14.307103080828474,25.80679177354114,13.282385198238742,15.497340371196753,13.17892378236012,19.36982931688972,25.717490758252406,16.386741740145172,18.90183447017631,20.28630624923412,20.53378637471575,15.61121200064466,36.002799999999986,21.63830148241357,24.93609133644592
2026-02-18,21:00,14.933620685641849,15.62352069516704,24.355527156916036,22.16507114136565,12.457416594054838,11.454355656084974,22.10905335360729,18.31530427419115,24.68889604573599,18.41597246699076,24.01463771940189,13.634686802750588,8.283750758949092,24.36850721410809,24.55092438931977,13.467630554234718,16.255027634973573,25.34905079949996,23.818987487814567,15.082146944344608,24.25248131140178,17.535091478632204,26.062938621102997,21.92187157879124,22.40939833530398,13.33855078887508,24.6422258058336,12.398615289123931,14.895395616822976,12.367905999498705,19.457366618073305,25.443344308440828,16.231236877492414,19.99631122051764,21.7769901238085,18.70598269055793,15.241697455651158,18.84298587699026,22.526238442627186,23.632580029789928
2026-02-18,22:00,14.322996485393254,15.160754425334842,23.004589231647675,21.709403488225515,11.950269963512897,11.532395591258744,21.524655564099607,17.671228337826403,23.75868697497294,18.90068047859077,24.10320742966449,13.11529312866358,7.149773800674139,23.990900870003333,24.20654891540042,14.471996551292843,15.371879503798816,23.783979665842924,24.23604205364556,15.02096236620455,23.34133302192155,17.038057156878477,24.71585956536109,21.89188738456127,21.833611697364294,13.460535613997925,23.53040563488345,12.13690904715145,14.422632522465724,11.633812493410849,18.869521893901737,24.47595284918046,16.92859102094222,18.666879309487832,18.219730999119164,19.8729436082508,20.57665877522321,18.72071871553541,21.90734931345568,24.06857403018555
2026-02-18,23:00,13.375741407889842,15.07102563870506,22.425652681540345,20.75965446241579,11.647236307215517,11.845453124627864,21.272201457726784,17.967829293661637,23.46089407561203,18.61795733474749,23.464971606608827,12.80078816492222,7.596043018146807,24.472720439403844,23.98083716559101,12.158890353635606,15.339958028697062,24.36354644103693,23.155585048507348,14.396544965077306,22.869404185087117,16.639535879550113,23.61095899742452,21.90658946225175,23.739616061784137,12.518781672022715,23.36101939362655,11.996521285115389,13.564060343606451,11.821457214062743,19.098269134050582,24.75241606341693,16.331323705407527,17.645409874221457,19.50222960553808,19.23945349355648,16.211088439626145,19.05643261134841,20.14858141379358,23.67078964206074
2026-02-19,00:00,13.537312071391693,14.440288643471892,22.45259638617212,20.52358088386086,11.408611626273194,11.33893415208068,21.272201457726784,17.266200867670356,22.68153859137979,18.71751392931576,22.858309907614935,13.050844815819575,6.975349695802333,23.21902568585921,24.384627218165825,11.793268751385732,15.113181078673067,24.181213694741235,24.12811869127669,14.249773461696805,22.13149474263064,17.35710537272096,20.184505222835494,21.89778510716098,21.337310489841144,12.619785541135846,23.52771635669385,12.17485804242249,13.109319815281816,12.342043482190654,18.790582326438397,24.746568292132643,16.234716486797684,17.519626833590245,18.32208980313968,18.90457663749372,16.592526040048032,19.11486978623416,21.21989610540901,23.25712161730881
2026-02-19,01:00,13.643590140939729,14.86822898298242,23.351633445853032,20.235052417637124,11.405464402889786,10.834412034187796,20.945232938038483,16.94326231547193,21.15593721728175,17.998547459791357,22.632699621489746,13.093423013208792,7.818845264288658,22.19703831183975,21.530119640705816,12.14678821720455,15.715542177165132,23.84304993817205,23.88510809259101,14.062514999098337,22.464574260019383,17.35710537272096,20.44788593213952,21.57299830573168,22.166412624582808,12.64346390247138,22.834842166299143,11.81484893608391,14.296575928056818,11.15306802790176,19.098269134050582,24.3245894065972,15.81666059680054,18.112059669628767,19.62334804406769,19.992762175307124,14.572663676696555,19.55804850065622,19.60826078304742,20.17531705447033
2026-02-19,02:00,14.105961511922072,14.731389245527229,22.184716579022755,20.72065900082844,11.224504364607974,11.238170716703127,21.155957070504957,17.38112758718242,19.7229286676692,18.210272744139832,21.04640785974649,12.95771776106141,6.577479480444287,20.95521656163561,22.297056973541157,11.708920168728945,14.87031942403421,23.357516742419463,21.162061722409632,14.113282387323864,21.250250796969723,17.41562252758853,19.27192027243913,21.239718422731958,22.69462647121268,12.840597610767418,24.008831476275017,11.48727384101377,14.238630165924024,12.44466942873392,18.722531931992545,24.449242631098898,16.243687409583856,20.83725484108801,18.298261494465063,19.31466935406444,14.146228677500682,18.029648486,19.810898308072755,19.63928986827692
2026-02-19,03:00,13.213906843381528,14.783157718196478,22.468944860339757,21.105631794306014,11.19633544892195,11.10356967985623,21.60028264695186,16.787849839371013,20.814095324038725,18.008009618915192,22.73043283375639,13.304687694183192,6.173580092521169,21.34181951327827,20.982418464082865,12.014077445189828,15.96333037167684,23.91919049225983,22.9465446928888,14.729629440391417,21.590509800857674,17.02275780976298,19.468551441166117,21.56448353718712,21.49474145552889,13.01280566955512,22.924289208530556,12.0122451389907,13.384768348994369,11.974361570665389,18.908030165945675,25.035154005948627,15.63546276464765,19.73651548644132,18.75481185685868,19.89761348326565,17.161222010664623,18.721494888830204,19.831240419552604,20.933368766857697
2026-02-19,04:00,12.940631250912425,14.617915396919262,22.780220163760823,21.41484790450692,11.93456733595598,11.61510170638025,21.415873564890997,17.280704808118998,18.87586810554426,17.832706514451104,21.556706278850783,13.593136133937426,6.692022748778997,20.4613133330002,22.443548108427517,12.287532885531345,16.501233315463985,23.05468746857612,21.534617988290083,14.394398478839696,21.80642869558593,17.588906127212955,20.36605146547424,21.53639432065945,22.813971549893395,13.388450312236753,22.377013045694685,11.927320558836136,14.597747011526662,12.33497654433602,17.736847238663614,23.94673564053681,16.359260349964586,19.11863897906807,19.06833811102623,19.441728414231864,15.36888204169138,19.249604942560275,19.894844371417843,19.53494115195993
2026-02-19,05:00,12.719009250974269,15.914397453347313,21.392230660873583,21.566202451687083,11.462447766311982,11.715827720955012,23.006460451948723,18.07774971296267,18.652745837251203,17.904975407333257,22.121435160041,13.736219143822323,7.6179475671686525,20.662766749521985,22.06964140848938,12.943131464750357,16.86306663294223,22.05050180212602,20.277517062853093,15.10893330154292,21.46274392838341,19.276212493659465,19.957659553487247,19.85344839345661,21.805471353615417,14.276807830200834,23.64195683564523,12.832435636769937,14.88794324743322,12.713586682509408,18.60733049549432,24.412338179361765,15.73198946071677,19.55172154007776,19.445827276115192,20.31738578500978,16.973894966594642,19.586184616926367,20.281277150382376,19.73765301034286
2026-02-19,06:00,13.78901688812006,16.148932685545237,21.61847101198704,21.555715675374294,11.409854137109884,12.809535571842371,22.86311556831501,18.24347404677735,18.6631826824893,18.42169019825288,21.809753960663524,14.616951218204584,9.2832512940009,20.40814982458096,22.26097429119082,14.566652423419637,17.311900638267822,24.58010590422309,21.376540209124364,15.650089332044615,21.19433705940172,19.257313616910157,20.565228591617164,20.83132785393351,21.763477655228,14.844710316711788,24.90485358496833,12.784304317063652,16.205478093263583,14.341823016714644,18.682189060183365,24.31480685469746,16.095340067966898,19.428845434282778,22.24662692754834,20.426861959617444,14.44435806492379,22.020063827688265,20.36822042510376,19.729658900198064
2026-02-19,07:00,14.001370567780958,18.10555179254547,23.075829510764343,21.395257343648083,13.532940064864883,12.59414616756048,23.885969051765247,19.31688057500636,20.33650199215173,20.629999530206927,21.1403752327974,14.615701388976667,8.79263410245541,20.11223365602684,22.444280360897263,15.168361419158463,17.311900638267822,24.634987849368,21.642848588074493,15.66584920806068,21.12838301426858,19.495005195201543,20.511951514672543,21.465105012412355,22.626230529196683,15.792658674413817,25.00374213408819,13.264507421100154,16.323751749031203,14.26363685530253,20.060900324943088,24.31660197926778,16.25515770868268,22.437735852285183,22.95490393065945,21.215710077596647,14.861907965958748,22.01486019132463,23.483463021834996,19.594877887795477
2026-02-19,08:00,15.889085459957114,18.208896318591545,23.837316031843965,23.049265612665472,13.9973984578399,12.875271779598537,24.10709344349129,19.6155293736604,21.79629045262334,19.76265150828838,21.590892311304955,14.460079671181148,10.140481226584903,21.476856848672497,21.097975060225124,15.862626764823016,17.311900638267822,22.80366837409598,22.743128601873263,16.184929401519422,21.85080673442485,20.12923073583409,20.689743233364077,21.265337725385407,23.066930017872977,15.249835512043417,26.025948822962743,13.458617045879162,16.52759853998127,14.812364486599792,21.57294190598676,25.27327306883014,17.101544551480835,31.8,22.369499511695143,21.419389759990946,16.664206769900638,20.516861092932118,23.61213907120101,20.78609259295208
2026-02-19,09:00,17.34099102277401,19.39218544772223,25.314963764607636,24.85041682223561,14.400300943629375,14.92966963128783,24.79100512987728,20.805109889977278,23.993599919604254,19.18690521833293,23.89111951537019,14.685104453702689,12.750434662833769,25.974399702597896,23.052052363222373,16.845803420168362,18.30673791913068,23.70721241938034,24.28943090924276,17.17943294783131,22.202954060994436,21.131639339778516,23.300646023891204,22.56894008316364,23.203019406916173,16.22135490467672,26.62045036110609,13.656096689593296,17.301005933456366,16.787319680561577,21.92201624208388,25.918623279497428,18.324919139483857,21.238050757859927,23.06192642622257,21.35495385497501,18.516883792847835,21.78898093173,24.2413046756844,23.30536591392353
2026-02-19,10:00,17.678924657876795,20.11750486340913,27.041506532190983,25.33695281490749,16.26493440533262,13.83505938828222,25.98908318156977,21.26475384210218,25.681853901810264,20.56110110780928,27.0553147480805,14.10084178551841,11.909986674763138,26.72820487449764,25.826840352491963,17.555566434433562,20.364646404807598,26.5674077775017,24.834881034695595,18.03526309378508,24.604385753815112,22.252223593836685,25.635596686933635,24.11521558061956,24.678927432020583,16.953328830823676,26.90343987502009,13.19511238800973,17.766212018681152,18.22162121023653,21.73511937908828,27.55113819441685,18.551797832714087,20.22715603701419,24.582507199433557,24.40810345225707,20.462407578135807,35.74619393198263,24.78353424447529,25.191874207106125
2026-02-19,11:00,18.22525582065612,22.310810582279935,27.353179772600985,26.117260383578564,17.34984610935371,15.209075878845972,27.189484045149,22.961807304617963,27.339604746348204,21.394749158600085,27.9701442239387,16.157906152769726,12.81925544447787,27.729966756586435,27.45849309133036,19.02384876080268,20.735176126888646,28.12594730932291,27.017617556297285,19.52111989213395,25.658546486815474,23.90822839857833,26.466280588501967,25.73341855638648,25.597860871144626,17.522247073502548,29.36880872609558,14.028327936739004,19.20167227697313,19.409584204371505,24.530471770334543,30.450443561094712,19.89304485159284,22.41640034738108,26.65413773666936,25.449059811922638,22.84004616572245,34.57982574935694,24.91863945185517,27.577150027369463
2026-02-19,12:00,18.415766299826103,22.137202955756397,30.111029127400624,25.945130996221582,16.782552812800972,16.419446818009348,28.87929529666586,23.622896754487048,29.419249268997667,23.939186878100653,29.7208177105298,16.928126514445573,14.629758803848851,28.387661010778448,27.760364763563835,17.43666098213318,21.15448707680056,29.829725960755145,27.99627873862096,22.150760036424053,28.899614728658044,24.255181535939723,26.73537462511364,27.565151173285347,24.61088800810332,18.491474180916494,29.96118039551664,15.858548501104384,20.29351421352764,19.339557864658666,23.80314644592663,29.916320773647517,19.484275195148097,31.8,27.26973675301403,27.25634457241364,20.587271915359437,36.002799999999986,28.60452636578186,29.861536416039325
2026-02-19,13:00,18.712197402493764,27.6717067051383,29.73799832454305,28.56853029857634,16.83148721757199,16.842219555049816,29.23643852743946,23.37809792035588,30.98808800189621,24.127056490644133,30.85554495981377,18.8737002681641,13.133625087414211,30.73492732576208,29.533990650152468,18.601668699077266,23.39864550675476,31.347062207271964,29.58052197690968,22.930541772843814,26.883351476185297,25.30948327434869,29.261355783635235,28.65590318035456,25.132749198856445,20.635116392886577,30.18012368938891,17.35446471143341,21.25329079707196,19.659387494419956,24.70229340228242,31.75874725694298,20.27968524006308,31.8,27.924131956610093,28.325825449210345,20.699131507683383,36.002799999999986,27.29828589848692,29.32091534688259
2026-02-19,14:00,17.08014473088287,23.436470249999417,29.52349521876939,27.152341407226068,17.627666348125782,17.498979373268043,32.67739112121274,20.373475074250607,30.558054149444292,22.926856974287023,31.953198730825832,18.69964573528845,13.402616939299683,30.628350617801843,30.65380353121202,18.48005214000632,22.651095966385903,31.789186188810028,31.86198917134284,21.990007982515216,27.535318041024485,26.108337789652754,30.574479630149177,31.864258701897086,28.017369281160267,19.541072075082777,31.082556473781523,17.75203918389386,21.68534634348332,19.902059982598217,24.872658226093723,31.599556447772752,19.573851803083222,31.8,26.04462969614438,26.33348515065796,23.53155983006708,36.002799999999986,28.327738413559224,28.855057637233944
2026-02-19,15:00,18.18214208957712,22.44797076887654,28.19594589440395,26.30757600589328,16.465072908134214,16.3009124556269,33.28247233947944,21.06576754332904,30.61964707295537,22.069983405425287,32.15333002087137,18.12232534368856,11.187676682081808,31.51270247530799,32.44247250701617,16.722753063363015,22.270658442058608,28.467337092186263,31.552892830061715,20.59850672044843,27.79385446124489,25.575925005110843,29.47745671481403,28.943107547732563,28.539332406594443,20.60303882518778,30.971498585684955,16.77943874995626,20.109931522209354,18.79529987861313,24.11329903366382,30.524046005633803,19.20523109267544,31.8,27.113659021160533,26.589149456890382,20.32309032714957,36.002799999999986,26.12764751290614,29.25127471923208
2026-02-19,16:00,16.283506621298454,23.669408393991716,28.76938155930582,24.760186813483564,17.611258250067934,16.257315928594068,28.118924259567898,21.58645300502706,28.44315960768208,21.37884635265395,30.79830765196703,18.46005286477448,11.644358839924644,30.91039426847663,32.53270803280012,16.930149370127992,23.190732417316184,29.028472104925687,30.72141890914687,21.798267864894694,26.225764461097068,24.295417736033905,30.527071099200096,26.885411454124988,25.987101123786825,19.08555437107616,30.83070692363429,17.74170207969841,18.85863401360125,17.881911723680357,21.760964016343195,29.781264041061625,18.45657764978304,31.8,25.555036590242462,26.328229295899504,20.32573116658182,36.002799999999986,25.82765726898945,29.06257516204813
2026-02-19,17:00,16.717651802686806,21.82543532054777,26.975099715751217,24.038088339344185,15.444126946585934,14.306464336536571,26.724204948847017,20.688639430719377,28.96152065911865,22.090658546560395,29.63919852090583,17.23049003328049,11.311845532810134,29.82992738103472,28.89353474150052,15.651576024126731,22.70533046828072,27.95634007445327,29.233130689246423,21.48383745706162,26.689899218040235,23.17485944436641,30.705255138485253,24.60325634267808,27.63502700347132,17.876261781494073,30.23123540949478,15.40749980023798,16.855274112608612,16.531627630511597,22.72419619203538,27.67533389496416,16.98562881907821,31.415653271258712,22.420359001121675,25.262969937757457,19.28629026078993,36.002799999999986,25.873477800193267,25.9999185836916
2026-02-19,18:00,14.942005477474316,20.009499641091324,26.13111237351635,22.667264916646037,15.391552870125864,14.673059637993823,25.71382670618107,20.165408151195223,24.8292504102556,20.56176754513044,28.27048475297296,16.49158290523928,10.79072052088241,27.66280680052078,26.954260448119584,15.561137866491675,20.363406065991317,27.167964351464235,26.772018610716685,19.54755540688368,25.470474956503395,20.935329422814263,29.70800563625262,24.50607087940373,28.595680299717014,16.204652415898607,29.217367785834167,14.240945826809927,17.023520850309254,15.516393078765988,21.139146133683017,27.94702162777856,17.42275190159652,22.67944831754201,22.3546187676596,23.23023330290295,17.91548386584724,36.002799999999986,22.93256012841044,25.24022675935424
2026-02-19,19:00,14.194764171454906,18.193794068882028,24.13478592836615,21.520537513181267,13.267700226768204,13.063920751814406,24.661330038744705,18.851272941685096,23.817287836285427,20.682115701594693,26.334160804048885,16.41154645483754,9.697642478556874,26.798343270109545,25.48895798507712,14.25269227682979,18.722934824236045,24.86879941970085,27.135400080467484,17.025242866455873,24.92428845640951,20.308027587170194,28.52066369396792,23.51113240542032,27.272589636429867,15.058321599931762,26.76491933908025,13.870523940722208,16.639439703013892,13.196523113861522,21.19181654891161,26.78940617806172,17.089816829768935,18.04175604049618,21.051595072170937,20.55665887085224,15.00741927920848,21.83922950305292,23.00144323044308,24.69959041812037
2026-02-19,20:00,14.331959159680451,17.450553086042564,23.693945734777785,21.85441563248886,12.606764813013877,12.263933498691696,23.142964037040095,17.8885895743891,23.5515862124232,18.76489686089365,24.77582918929944,15.453478349919704,8.821227226900278,24.502394964220745,24.36086651246502,14.456092773436254,17.88623152668628,24.79920614513229,26.062833965963755,16.460916999998098,23.794661093207164,17.427623791034215,26.633120657448057,22.03069912841298,23.196216451985336,13.952490685127543,24.272170937564724,13.348691634490724,14.87420774242307,12.622514314962627,19.319400796628223,26.21700192894936,16.366872789308903,20.484820101588543,21.34806571795921,20.32906820787535,16.3994406738325,21.495859394456865,20.557280345996848,24.286056317356465
2026-02-19,21:00,14.141732458419668,15.797573547066412,24.163957299431928,21.342586467278878,12.536832913571542,12.273505246430751,22.97054625098293,17.627364412945592,23.54998657186788,18.32196724907017,24.219204615087406,14.642674564404825,8.573811383759805,23.955411726133985,23.84641875673084,13.155759035188892,16.717881681254468,24.273704639553504,24.532237204339776,15.774902462641291,24.33222145033814,17.430313042249928,26.32517451022145,21.736089260157577,23.256855343605523,13.8939675133125,23.627415173091425,13.09302504948885,15.530286516115456,13.659359096058578,18.939898101449025,25.09102777623083,16.577526027776578,20.4450373990083,20.95319000755805,19.372338036974057,18.31449164668378,15.806911899429023,21.34283372552901,23.91562705963288
2026-02-19,22:00,14.001653390517037,16.298737468984477,22.953811560171648,21.517879252707743,13.040128661567822,11.784386365072004,22.36703965681888,16.65208779619891,24.07947082308924,17.399036370541648,23.088103207612544,14.664875827572176,7.957265773689434,23.274959118626924,22.935483076427616,13.066192845577456,15.780508118907685,23.791385509283216,23.918898161736166,15.818111304157425,23.53508293594629,17.466625663433913,25.7104137142848,21.35808710186256,23.16007693106123,13.689816281080772,22.751195651623057,12.560438182359588,14.922348410138447,12.60725044511956,18.511538104557072,24.25703943828835,16.99128015334718,20.38066432802221,19.128129767353418,19.34381579779888,17.48649551032163,19.574351250835115,20.377874040126176,23.719068749636342
2026-02-19,23:00,13.882714239447544,15.580297136245186,22.57577779907895,20.72591557827533,11.819061167379209,11.877044184651664,22.030371245042392,17.23672834698218,23.137164120806496,17.32405080155504,23.163602040340805,13.748737220456862,7.457049802797012,21.904969033860752,22.740191544930717,12.671632606995832,16.329886757214013,23.751704669797515,23.97802199757499,15.426966429596156,21.943459974397573,16.016403888032702,24.754994539456916,21.989654833098555,23.22337390031509,13.489720987163455,22.368366532439964,12.35624647085944,14.373938033278524,11.868510330968732,18.81920572261902,25.139860441330868,16.188609258955445,19.70609420271788,18.419308287378676,18.71377181419552,16.342562356372152,15.429516427897536,20.687775739692245,22.390872394473863
2026-02-20,00:00,14.153380521218084,15.489839488422936,21.933772115354547,22.06944123227157,12.003028268699522,11.874170551941305,21.993842882788623,16.66448975691034,21.836814692800548,17.54683666479255,22.83577654098157,14.242209013521386,8.045251584657153,22.40450191298894,22.304716898556048,12.026052410015444,16.189577777858634,24.37438849805729,23.763933289928158,15.271089760608753,21.482048102291436,16.934681255522616,21.61743739712157,20.891802881926345,23.65679171571964,12.58573519074593,23.81504581770977,12.200831367029105,14.512937086635915,11.99467578880926,18.862056887371512,24.895584281724886,16.227856235966136,18.441254647189947,20.200411157122893,18.77781389106678,13.392293585437717,17.123751348862047,18.940934070817963,23.204702595831368
2026-02-20,01:00,13.57100902321398,15.026824000110068,22.1032510129824,20.769141967030496,12.43804323229768,10.667745110727235,21.874088237533137,17.01713609788265,21.178007882566785,16.71716375123781,22.46747850638936,12.94540546459938,8.282860600238477,21.262117553519555,21.5383785634322,12.292997202526074,15.522467872472998,23.402652155341848,23.903519122193835,15.414407785690408,21.484980679633296,16.274978597544983,20.183753654628173,20.81055951175802,22.295603249957825,13.256283926858623,23.61577862100305,12.037372462821844,14.084094560964116,12.626072592907413,18.183916773936723,24.56641797604612,16.307278046983647,19.5983875584961,17.8461082703515,18.420287555410088,13.304512466460771,18.99016852990827,20.39618483468269,20.28468396693261
2026-02-20,02:00,13.657026772588775,14.728310357156088,23.116971882077333,20.49883252556957,11.783707997311694,10.48789340651287,21.9992510331456,17.200203013851034,20.953030477395856,17.826783184113037,21.033151802609183,13.365754288629232,8.807057394616901,21.062199804325783,21.176558329252444,12.97294607126567,15.645896600559112,23.36561609554984,22.179223794022665,15.03941328726346,21.575200198766016,16.332619774220223,19.244821634575647,20.228292767359072,22.94337875968579,12.760540831314572,23.91031024600095,11.834483861689346,14.179406220645667,12.075753395219367,18.37020878496909,24.247581560937537,15.493627967557286,18.483996851820216,17.28558367868014,18.9436556704283,13.40820792502924,18.66582495657022,18.546073391732115,19.81946224720519
2026-02-20,03:00,13.67644981887843,14.871325076256731,22.875429395833148,20.72510352942718,11.530439185070245,11.019076561519496,21.940809792081595,16.94484608097441,20.132591625605876,17.601352492634643,21.615119027062768,13.09812837513131,7.946372899650827,21.03639500900865,21.06501802980408,12.609040181720047,16.160435961747126,23.422649619560392,21.68803459971401,15.076125069490253,22.020114643410643,16.923491474103173,19.8035511451429,20.06659938240925,22.199594356061013,13.018053889485069,23.21821129664236,12.113600210039142,14.69614475908932,11.779242846781958,18.63379952369669,24.62999806384747,15.898481614866649,19.04771588872674,18.82157414114921,18.773058827143743,13.994992636923252,20.296433357039533,17.296320548515062,19.49036120851056
2026-02-20,04:00,13.513635790093383,14.796294880243524,21.753881158323537,21.06849641148105,11.420949242366625,11.033576218297632,22.433055705629933,16.806492435916805,20.81670974345251,17.966459082127702,21.82168649271481,13.768051852837443,8.171784617851188,21.09525830346554,21.289788846211405,12.514686092303634,16.693313340514194,23.62383971363905,22.303715257336822,15.156051275678886,22.00135757149005,16.096970881332705,19.529676754933675,19.884542910717805,22.03697991251308,13.606035267661694,23.20004551636224,12.160509855862648,14.811895015765945,12.648447093225052,18.06745792241533,24.113202229451943,15.893139335682813,17.929234043094358,19.37719448311005,19.116878524586134,14.026762479892374,19.09479626047987,19.688391649722224,19.281511740601392
2026-02-20,05:00,13.293363982794126,15.702485919686396,21.880005213741317,21.66224096931784,11.936477716026957,11.69352337496932,23.135016170324548,17.710825542372223,19.993357908054705,17.999951451821847,21.757158264759266,14.543632289042211,7.948849266023404,20.5904863807035,21.25887552649556,12.602818477450349,16.235431499841543,22.698461858199767,22.274252575610657,15.680411629556238,22.006952781362944,18.817466249253204,19.405848137435108,19.7955291178701,22.67740854744433,14.612295194483456,23.517366334755703,13.623608831451271,14.852990676508512,12.165394076169298,19.24164305322794,24.698905827201894,15.942293837811237,20.00749443394873,20.21967811070375,20.11874855819789,13.206641955912785,20.637079460182058,19.7056287198625,20.444632955077022
2026-02-20,06:00,14.288950938914004,15.931316612841012,21.629464835878988,20.683748300058717,11.67345547292083,12.335568674526138,24.04315784052549,18.08088174328228,20.073052618868065,18.695121210182894,21.08373986489412,14.613903331669526,10.01287096337578,19.84068165470238,20.337679005027056,14.00347183547435,17.311900638267822,22.69859053820114,22.406652926403662,16.539382300482224,21.609228276539422,19.198085890648517,19.558065163544057,19.77964904012231,23.212324296221297,15.209096920121675,24.725737137427423,13.452935930848454,16.204016495139488,14.341823016714644,18.75158441144158,23.86113518389888,15.876297839935903,19.759383779964875,21.14196844335949,19.52582854500483,15.607671337532317,22.019103827688262,20.599830763003503,19.482400747761872
2026-02-20,07:00,14.755173700818045,18.10555179254547,22.166208271394503,21.350391167908462,13.254116638069718,12.863697073506753,23.77820715654294,18.80898866617752,20.586418353189853,18.96601941913302,21.04011565472928,14.619629365870592,9.40203654530892,19.952794539579592,20.93507841540232,15.068364751386362,17.311900638267822,24.485775581122105,22.179223794022665,17.116171776433767,21.33656296991405,19.597123985947864,20.28000410857845,19.79917309894841,24.424528457977104,15.792658674413817,24.725737137427423,13.708422485527883,16.323751749031203,14.182279151467192,21.630174182507545,24.86618929561012,17.917310609828363,19.878967963482157,22.22555313252636,19.672737194855927,14.670609560282108,22.01486019132463,20.39655257694427,19.6914156620463
2026-02-20,08:00,15.704013017939344,18.68762111932508,22.18760467831918,23.583128273068645,13.755090919721704,14.0592654193405,23.92110109191117,18.61550338674398,21.628354433211488,20.074724641210818,22.136305308509428,14.481492470961172,9.666815297147645,22.05678531159564,23.48518963734281,16.55820131782187,17.519115163567722,23.33715981061788,23.26471687766781,17.381104209350966,21.824883078453,20.34492053251896,22.191520422617888,21.332247266487077,24.33018347698138,15.161514920082976,24.725737137427423,13.191122859119504,17.66327171567086,15.551809353332285,21.905859214533525,24.531651148070846,17.32736951960015,21.592267270483237,22.74185481494138,21.989009387909142,18.532660194872097,21.28735627388516,23.483008276051507,20.66724358124311
2026-02-20,09:00,16.01691585130526,19.602227147940773,24.924989574935307,25.766451561706607,15.964218180666656,14.115711186626834,23.80394535673351,19.78022977415393,23.62087309857489,20.353733136237256,24.025245450595893,14.40004035908443,11.331049913976225,24.85092529378409,22.95063111412689,17.18220960376845,18.35989445086368,23.149327598079605,23.50530347366055,16.760466057496075,22.00707257242456,20.13795081301461,22.988506520920595,21.25457598998885,23.391036529039628,16.15114703986524,25.56195699689572,14.296783837051748,17.0693909453238,17.136991657952304,22.377908059943,26.89007333129278,19.99427168428335,18.385025297142004,23.621381856234557,22.562953736036487,18.55872987625299,20.136885267457544,23.29747352018621,23.28874956323335
2026-02-20,10:00,17.65488245435655,20.245641272654883,27.633772326935592,25.37280280194542,15.846181507315766,14.081832494031085,25.65485593588153,20.720629782330423,25.67216779177781,21.594625509829925,25.36309649837363,14.844206919105565,12.851791711809142,25.49120634338143,24.97512922486901,17.294921624141146,20.524644213502985,25.33814474365075,25.782146837357704,18.34708150346874,23.956052095065537,21.858531022801557,25.175174546108792,23.743178390735544,23.64318167744652,17.030962487373927,26.04267155982849,14.145375409724943,18.20517488472401,18.892528148738176,21.970916942207065,26.59953994473718,17.900584131942384,20.727036537998785,24.35968377206775,22.72062215827795,17.980296568781103,34.597777082271215,22.056758001536537,24.777165080906972
2026-02-20,11:00,17.44363146397529,22.189329495497148,27.75584922433581,26.278393847822212,16.14461578162147,16.59888159403941,27.55134753450292,22.397297186795104,27.052190738785637,21.48307922352941,28.30238962582858,16.56128475752058,13.21066071924398,27.895995413915035,26.96942753684092,18.36535722467329,21.63228905456164,26.93665082345382,26.085753431540518,19.699751524521712,25.926791266210653,24.2691953523006,26.191709395798583,26.843316298650016,25.110782097782927,18.00483529301447,25.65223365717015,15.698446641116632,19.220464205602788,19.79036611312844,23.88957502677339,29.09309842748436,19.95047557097935,23.142795012755737,27.18280652079848,25.508354588120515,17.64045406438791,36.002799999999986,25.66273111516425,27.38439582230769
2026-02-20,12:00,18.107713758689844,23.247530952772387,29.33234169465463,26.308754692170226,15.787358951038424,17.15360441029486,28.7992819092146,23.817554036236547,29.174961791105257,23.479709911332087,29.866961908426912,16.691896517974936,17.55189317269934,29.06046192088898,28.550371252872683,19.11305257212104,21.5478685494527,30.10670294902268,29.08891344209483,19.787653173234126,27.013196172363177,24.77780629082713,26.65715956010898,28.04418777207246,25.97583124752873,18.75876992646117,26.865786118810203,17.733334719546985,19.939816906673272,20.00452976458762,25.213301157546034,30.16979335529441,20.642265011231974,21.928834873546908,27.43131471662105,26.172173372529898,21.26423795000644,36.002799999999986,28.60452636578186,28.85775001639941
2026-02-20,13:00,18.36129637793112,27.491123334459253,29.223379244663548,26.83049886149671,18.545654687204426,16.582543242664197,32.790636019594146,21.873337807065287,29.934643080568776,24.39641119210584,31.066608498956118,18.49255759755792,13.570301289075836,28.623875800508173,29.112138170039387,20.162756147724487,23.250320533303192,31.28715788600881,30.0571122887759,20.87282538580177,27.72091179484275,25.313628095304065,29.504318905743357,28.76827750342828,28.95417440986968,19.37551090846532,29.6745885080078,17.49485536651493,22.328367564628877,21.089164525307883,25.112865689843066,29.9201101685343,18.45234664849653,23.33701789535671,27.95877029352909,27.823764531017837,19.561073530309084,36.002799999999986,27.27493731699402,29.388083848507208
2026-02-20,14:00,17.3851715197036,23.933154245901928,31.31823109217642,27.775968637428814,17.645280335682575,17.085675167925846,32.80650908064602,21.06785398761688,30.61421593006774,22.901908606416896,30.64504144346443,18.05852559819323,11.674677389588226,32.06514780161401,29.908883895205246,17.853223181771728,22.11976625008971,29.664062784519047,29.95377315313092,21.91187460637361,27.55742860931884,26.750749044287318,30.03823361200633,27.203650693567464,27.505480858818828,21.19442077205068,30.483542452244222,17.8989518649883,20.553935976001945,17.89355144401446,24.442473959562925,28.63869347711769,18.192946273846506,31.572677497459505,29.464137180774227,26.74974684821742,24.68449055490016,36.002799999999986,28.715591916531167,29.575970441238574
2026-02-20,15:00,17.769650349290288,22.125992172187456,28.959802131112333,24.86582488790897,15.487878330400196,15.689555480897832,32.964133551631214,21.576969096308016,31.684306384757623,24.603344388873747,32.42146106327028,19.712413899063137,10.02727499867272,31.073745016047507,31.91284902655777,17.42909559602947,24.207896431028004,29.076060756716803,31.209891968600587,21.96180672224419,26.70061654068432,24.89748481733836,33.227266825772894,26.264252043204284,28.34057209782532,19.738614050717008,28.913206038992968,17.401519184504853,21.106541486005813,17.48486035545519,24.78211761177616,28.171996062789336,18.4324427947793,31.55733252271054,26.186975420069324,25.295333234532787,21.65963995424086,36.002799999999986,26.932963974054307,28.14861387539548
2026-02-20,16:00,17.127773082724424,22.673725439388058,28.71016975629303,24.32938082303417,17.111216566731912,15.53650497298293,27.77708677608153,20.742868196909484,30.269234354565025,24.156976534758265,31.975697867911578,19.08928933190864,10.485604003462711,32.542616700638106,32.23327255145424,16.72307741901329,23.247665476687697,28.81811906543685,31.513881650208035,21.184691449407016,26.653019785742668,22.441883453010483,31.866624605033884,24.549006190446445,28.4994923224471,20.83791454724579,30.92766568537265,16.672358465155863,20.4031654677168,17.596793237842295,24.55779941394876,27.14905142470687,17.505806051739217,31.8,24.720193015753665,24.07799005541784,17.674863329059686,36.002799999999986,25.325429778187576,29.00263101707422
2026-02-20,17:00,16.629175706767896,19.626646752037686,26.527528888329996,23.063579768899835,16.154465901913998,13.361533111369594,25.86930241217192,21.06642914190696,31.40443312515336,20.583443202695683,28.52347765042853,15.986972986948162,10.83620490634692,30.77805943638231,32.36722601045327,17.28117388004352,22.432197089991316,26.819086569682018,27.86467374591532,19.54110023041852,27.09797153305656,21.472974979749477,30.70566810585163,24.856835605248342,27.76462291919612,19.171106324955225,27.893338749830708,16.177689504110866,17.99682321948741,17.372892371839928,22.1873765875005,26.918739060712294,18.22201310573772,30.059507338887272,25.014883577745607,22.7792436035115,17.53533146162166,36.002799999999986,25.79098764199674,28.266850783957192
2026-02-20,18:00,15.424274081301398,20.282759576248903,24.655000014160688,23.11465113825473,14.531444516159304,13.363194786505064,24.869729485862045,19.96656443946903,29.353555341341856,19.79533258184413,28.325128119324173,15.962562180645191,9.33981749898546,29.873045991567647,30.385468459973943,16.199469792809325,20.677509988328573,26.20068176734328,29.51763052657251,18.13169899347465,25.56131942848228,21.114529275215755,31.514782092614382,23.05651463224384,26.197612332091804,18.003529767261274,28.16409389820509,14.25174187549686,17.620390572458778,14.306910815493437,21.91087305964328,27.11690874521369,16.75679193965881,31.0719806533425,24.002270990813795,22.261631947722805,17.23727715254883,21.54739777474941,22.95565972638443,26.343527462289984
2026-02-20,19:00,14.209473404079166,17.58497655357585,24.70328457008895,21.917903787668788,12.95799460345563,13.425090000942786,23.96588993408573,18.274651794026816,27.393979760926445,19.140622735552817,26.375011401873145,15.29875103863864,8.62815757453355,27.02236995564549,26.13932096298436,14.15152969500417,19.407259890375915,25.982084026138278,28.65004703249836,16.915159182370566,25.26025817275507,19.5763670714736,29.858198672706745,23.631966851052372,24.42064918362324,15.05898884307708,26.08124091419996,13.490250313272051,16.94291341407992,13.109302480662183,20.377252682984075,26.261525997351963,16.150638589730395,20.37487302031412,20.42994154591833,21.506772050637164,16.906699549264232,20.43414017174356,23.796024705759518,25.340029293727856
2026-02-20,20:00,14.150816242488007,15.985061276291471,24.1295864245661,21.6987489216662,12.697785112513357,12.914696364789473,23.48812057523644,18.23978486583441,23.78240657501747,18.419647503010527,25.10661376558211,13.671663714613867,8.362664886140593,24.58517511218,24.988866765259427,13.011154397206202,17.622941757298317,25.681387169320796,25.79806225013364,15.992002582328434,24.886600692070136,18.713553349173743,28.19546720882057,21.8806305210259,23.539741900231,14.677852501525363,23.70268641966264,13.177805597785875,15.8176903228296,13.388034668597331,18.910868638255398,25.659003285504497,15.66366632093647,21.873744825657823,20.222234112760667,20.60848091981735,14.29385257415474,20.948078459810333,22.418406526331577,24.44092178736325
2026-02-20,21:00,14.04474353748895,15.76492669057472,23.3991890629344,21.469901705333537,12.2918419777392,11.974882879507618,23.11739381369141,16.921530714440586,23.66652527635613,18.43115542796949,23.755316501223533,13.543947947404533,8.055199483025266,24.204534270148045,25.31776332915667,12.209948349766032,17.272641039850342,24.557667729985123,25.760070584210972,15.644211587500186,23.60983243128185,17.778456627266113,26.811323505081305,21.750836349374627,23.079504843632414,14.334845230263072,25.10276274491399,12.973558294433287,14.852329789448234,12.831792246398816,18.62425477583003,26.012489712268216,16.664356338444428,20.0472537946704,18.970518939618863,18.58123705588697,14.805913239559697,17.91221116928,19.97554516453573,24.481642474637635
2026-02-20,22:00,13.922482394030505,15.479516967963894,23.01403662499501,21.046508987136985,12.058270430460713,11.49993658602104,22.580343041683115,17.072066987616466,23.444150299780134,17.532724421754082,23.355527796557578,13.989125525013486,7.796463059897563,24.87749730274283,24.77736528913588,12.615014869994312,16.062662847647253,24.15690560246553,24.511906222838626,15.238105014615137,22.143570671068048,16.444762845445783,27.075646057519272,21.772239345443364,22.24472899005736,14.423636547126875,23.904907571226264,12.36674970668432,13.58344679386832,13.257175285331998,18.62229326876396,26.43934047050082,16.66813927493764,19.699297594708185,21.517679950036253,19.121658203065632,16.12671233407753,18.49615043422023,20.97507961765313,24.40070766304666
2026-02-20,23:00,13.807307979198225,14.771446615218872,22.53967772276841,20.690105130468957,11.629637007181085,12.03876061632405,20.96183212946841,16.74529260754168,23.684897452721646,17.288393423648273,23.49936117102086,14.453878732141256,6.255974939602495,23.5994032309376,24.761568924351813,12.14678821720455,16.217710053853544,24.34222493437304,22.50419392075194,15.351096774910866,22.551172807042025,17.12209551967632,25.86029963058333,22.16531740038792,23.13389560439709,13.61983227323691,23.503767628281437,12.813205917684076,13.993690854999649,12.777811592963232,18.790784771547827,24.65140880665297,16.362704182551386,18.619873037560545,18.474882454655404,18.75129301292908,13.48340657999132,16.594139229928853,18.65943482201517,23.370147936349603
2026-02-21,00:00,13.655995830562036,14.608344777316994,22.16334886284325,20.708819117047693,11.608168430572642,11.61632718776818,21.44489534128981,16.55301660601633,23.08668233785649,17.678946245870975,23.80803149824999,13.591949761058578,7.509258826425792,23.934812398900487,23.578155564780378,12.257527008527171,15.88115288170962,24.258992107527643,24.40992126783094,15.664467899200476,23.112788857025308,15.22681586696112,22.197838599491973,22.03774960046239,21.73564138195279,13.275534719918022,22.90662149981196,12.335138379954138,14.078995223177424,13.371402596689748,18.79829950361912,24.93513782572702,16.217484849817595,18.890263261157862,19.90258421785355,18.371856650849107,14.900657117697966,18.574745588957004,19.061110474306407,22.990054755709817
2026-02-21,01:00,13.455611026071772,14.234486466886018,22.501150866534573,20.13047329644608,11.571552109087156,10.94998359771512,22.146381588407763,15.798287612853464,21.70444910443057,17.886900279523108,22.846587584932816,13.745538985097726,7.765104979932335,21.781796201070176,22.844278412314267,12.407517051010554,14.547166359294852,23.61166827882835,23.364943544976267,15.0207030939116,23.12231768754935,17.355059748539233,21.21810490084973,21.85271511275011,22.115999219740807,13.818226200431914,23.78662177970446,12.204315274743516,14.15307648266233,12.074183523563065,18.497097992833485,25.09024959423097,16.397813716064476,19.519216986985427,17.822507412383374,19.550899577940704,13.494976212394093,18.28541996125433,18.56935762626996,21.01611319896129
2026-02-21,02:00,14.029057364158698,15.074452178792171,22.51381217942274,20.8074891694679,12.272195223820011,11.487331752211649,21.94046804672093,16.7056809718825,20.27231532552222,17.769036190308842,22.419202885696823,13.460155152379295,7.19880380585916,22.59764998736429,21.292704357187148,12.503471401943123,15.45328506025915,23.15965848848447,21.986887080438706,14.455524977117,20.79572268905188,17.02781246465953,22.08803629158297,21.205811829203597,21.95164590221239,13.394136022994024,22.739893918830017,12.738951285216093,14.413503067742534,12.028455639598803,18.11505132171381,24.90610541648041,16.08468346929358,20.23488760204906,17.930238376380867,19.414299109457072,12.797824914499822,21.05480038410681,17.925614229330673,20.37148597469328
2026-02-21,03:00,13.199757343036277,15.502545362540804,22.531243174805503,20.951003148639707,11.591215361230546,11.198783741780352,21.6575243190995,16.955910489957247,21.119377780722665,17.393123234934563,21.545511873256373,14.088810951745446,6.261258025370311,22.26013487559157,22.32752878588406,12.430415886839318,15.619870067440347,23.958308955118003,21.723810509440032,14.930415650856643,21.536086295646765,17.275294793801812,20.68643225118212,19.94651017155028,21.465624551857022,13.008613516288923,22.774058947091827,12.477046463943672,13.278164389892346,11.99614728975579,18.17451261864854,24.15756948948516,15.885755730516646,19.569995815755544,19.44315798701337,19.217333102792203,15.745597081355465,17.60625666880544,17.439787189738915,20.695335841374163
2026-02-21,04:00,12.761770569635727,14.970704620365217,22.75049087224612,20.861457836556774,11.19247606903229,11.347125290759932,22.895919902758227,17.16469339134885,20.389774829953545,17.420654733146723,22.190359268614,13.552615572236714,6.712970382739036,21.41857031194104,21.025238341458383,12.64510686206114,16.558743086462886,23.392989329494007,20.288309222082752,14.876692375158024,21.81789281288242,16.95975729256553,20.10947011641717,20.013281157439323,23.11528826257256,13.460722080601508,22.594182458825863,11.991729820562318,14.179120998224969,12.624329727471578,18.424545710940333,23.850298933744444,16.129690123109075,19.434596528233435,18.89499310606084,19.02511839698062,16.02298120850027,19.85293880659885,19.638219628805658,20.491799948515077
2026-02-21,05:00,13.117434275010227,15.79905820201042,21.817256225676832,20.650218381045303,11.5313520648672,11.255644821426715,23.05884405084552,17.488794710425875,20.932100976643756,17.788531554411314,22.12084090246829,14.504618761680732,6.901718484874261,21.86841862466654,21.09356589659317,12.64745025036146,16.723675379132196,23.41159010122184,21.2063948033101,15.178897889812676,21.803620778919267,19.24375642761592,21.205998105561243,20.04679736307721,21.87812748279792,15.548458252611251,23.077469763083727,13.297855797617853,14.73362722492564,12.335290073812338,18.281453006264734,24.250882217485195,15.87690474952863,19.96725875935469,21.08167749220318,20.51682349792284,14.102132152826028,19.2430053930539,20.796633528847583,20.245275759372436
2026-02-21,06:00,13.140843230729834,16.05574252834584,20.893765513211637,21.03542953429696,11.363316176378948,12.33661867452614,24.12347727134514,18.113222138434704,21.340750039460225,19.240105992439023,21.804643457083944,14.61946148697788,8.777356500739188,20.62404848779745,21.61566840857968,13.761587246718284,17.311900638267822,22.80976944548271,22.363338524552923,16.403086460305943,21.17132221898544,18.917390668390336,20.477618156445818,20.3126019545098,21.81217971713208,14.889779911489644,24.725737137427423,13.015409503644165,16.208830208427834,14.341823016714644,18.574638521818382,24.04341561662167,16.025522192593655,22.35228869047621,22.48319926418513,20.030448053831904,13.845820179171817,22.007262716577152,20.599830763003503,19.835465497708768
2026-02-21,07:00,14.481032459291864,18.10555179254547,23.944507408813863,20.8871220535287,13.242220779330642,12.643071666482813,23.438728350105794,19.47120119728869,21.11578095532584,19.58006930133996,23.34711705173588,14.614962905059654,8.941771463359148,21.24461939996924,21.66982559349161,14.01845814386671,17.416522836555643,23.911868826868204,22.449653780369967,15.792815309533363,21.1590340282546,19.393349040229708,20.1876092689657,20.123475380169943,21.924014553882003,15.787480644110785,24.725737137427423,13.41576399827296,16.323751749031203,14.240580271045282,20.079521690918572,24.46167889323141,16.35436509426173,20.91191804382838,21.819990423459373,20.12383506511938,14.350873146345974,22.01486019132463,22.445144382364663,20.872675000485188
2026-02-21,08:00,15.716571288436842,18.162883363008888,22.10775714154984,24.45542165222893,14.538761490692725,14.08027034658549,24.13967885612208,19.67421740773545,21.587712475724103,19.25584833173044,22.586643517298192,14.627426599133594,10.54711891706427,23.168364498236343,21.97736786430484,15.70783297201057,16.992746114912336,23.52212633565052,22.86156338982074,17.346434633649732,22.60988783466814,20.35546597530221,23.31855688237417,21.78686514965835,23.035387893692228,15.225660668504602,25.06011198118553,14.389375299693208,17.49091651663825,15.048220163663608,21.382683966325807,24.36796974085809,17.758555272602838,20.9326402660506,22.7071538751408,21.32463415236641,16.870464721134894,22.045956722055102,22.08532862440785,21.97683451198244
2026-02-21,09:00,16.429033566358324,18.883193375806343,25.62918227515193,25.074792536267665,15.429029423085616,14.63874687344482,24.838373969206508,20.64733603007011,23.950889172665907,20.43601082076343,23.79617840925036,15.812061985372132,11.615266840351977,25.00840524219824,24.298284866341245,15.956630298600558,17.416522836555643,23.178082018478182,24.52454020158328,16.558786394840535,22.04292580436313,22.574817321700483,25.086907501412394,23.02750929115837,23.5437136894736,16.50565279754772,23.75048032076173,14.494166082048617,17.14208211408044,16.684016696960555,21.58624452434857,26.13361383230925,17.32411657658138,22.77818432307475,22.52189515230816,22.55880982529247,17.750851362416963,20.54196870611897,25.941888620367862,24.40371653045712
2026-02-21,10:00,17.338214007383186,20.38780382992481,26.5492481913692,24.424894937575623,14.707862003760432,14.72998991528757,26.118886910128413,20.772982545532976,26.24529826679281,22.245678294302547,26.792592956006107,15.731632087124572,12.647656940056237,25.29163541756447,25.72058374384997,17.352967427218818,17.26568050281009,26.112702201998918,25.19283123825242,17.666465873294115,23.37690123443192,21.894725735835905,26.828340574248823,23.6639991270463,22.79546658385068,15.78649796921595,27.125069791481906,15.783327959834278,17.757272768683105,18.5457681126042,21.679468302729727,27.30085145402452,18.373481756099444,21.710457503742823,24.20939635730816,23.79362598729941,18.333520152206027,22.073680826099725,22.1006159456221,26.084435203444773
2026-02-21,11:00,16.8196170035466,22.665185942976947,28.963197146891225,26.731466478251026,17.887126438558518,15.945535106008478,27.22916258456819,23.375815217837875,27.116521047599797,21.940269536597167,27.778512951973127,16.92286133424281,13.253392876012104,27.417286544893557,27.48678913267997,16.51270470101069,21.399355280426654,28.12380682546026,26.085753431540518,19.784089614356613,24.6172661738558,23.856969662869503,29.217707431504536,26.99589172045889,23.78825612316096,17.446876922744355,26.511674900323072,15.839603998137337,20.6524886766828,20.285781553263565,23.666337185683098,28.452789543129875,18.77822620204149,23.35991632442879,25.29414621052582,25.679337981386837,19.556679066705268,36.002799999999986,25.9894058604352,28.31055117719796
2026-02-21,12:00,16.84165402521535,23.4399313358788,31.585335079653404,26.017372608039505,17.94138628663504,16.54592072556335,28.43695838362204,22.028836151709637,29.97243003930008,23.32816775249821,29.09654009315705,18.71793031256122,14.601741104006226,28.30203850988321,28.47770899781537,18.27312578110076,22.83886957360017,30.111624949326988,28.25151526284309,21.155155837057528,26.943448547512844,25.2343005544016,29.08004424179836,26.62395101093334,27.64511921119849,18.943673472183274,27.947226825739776,18.1048732507326,20.96961530364584,19.92995417184016,24.59291014667178,30.515898208967894,18.575330041390583,30.408207677892687,26.429280981806134,28.143806009581876,20.46448516148239,36.002799999999986,26.49133739870579,28.370017312345468
2026-02-21,13:00,18.228274575101757,28.253297414418526,31.54758350628512,26.52727932022545,16.62522074317767,16.961780571003708,33.03409084771762,21.821380361799147,29.919699593046765,22.0116381925456,30.420834127922458,20.59895297908679,13.14051563415702,31.43140253784689,29.555393853512616,17.71541082506865,24.089426819127254,30.34376035879646,29.96668847392514,20.539083407091283,27.074536663325453,24.808458079705183,30.603663365788883,26.891592444757176,25.40477092675977,21.14513329482285,30.913661771030355,17.66703636038731,20.992132723196004,19.47577541849769,25.53108558082492,31.575150540090767,19.073419586746105,22.845040610302977,27.6212466751571,27.480877090466038,20.517980053589085,36.002799999999986,27.63553157124197,29.060318949657475
2026-02-21,14:00,16.584141510710825,24.135419498932688,31.39112424107095,26.356602675387894,15.862291753725032,17.403273391147767,33.8,20.937422903449814,28.087388511470945,23.0063991846497,31.842948750002325,18.77365430013161,12.79116748305175,31.57861806125977,30.48202600952873,16.882072235450345,24.54271882875001,31.469847812059573,31.13736893757232,19.618880499716887,27.00313804905794,24.537070742422507,30.570187636195016,27.06943654599364,26.92337095911734,20.14115803612438,30.95023171909855,18.946697537991653,22.31981327665208,18.88969056477156,25.750746098667783,31.89004812652911,18.04473061408032,31.8,27.86342070429922,25.395105398471703,19.26515886338811,36.002799999999986,27.950381260532374,29.548162394099528
2026-02-21,15:00,16.520423154518117,22.94102386224681,28.74836323446397,25.44041618896169,15.001926755901454,16.868601582790117,32.98776372208258,20.39354123216875,28.784602166946176,22.356590118957637,32.23249995301899,18.71241459695986,13.865637127514796,30.307423238730227,31.014606252870266,16.363769831216782,23.275586113919594,29.56511343714937,30.4357837370977,22.49379440599587,27.551177824081662,22.68888830185949,33.38087567749912,26.99991800502621,26.861807856082805,20.90450071603081,30.9637908581155,18.194307230504496,19.88749522828108,19.49790435609672,24.690669033670197,30.85711075426956,17.698268848735733,31.8,24.901844820845827,25.866887129583773,23.180633109958297,36.002799999999986,28.0751655261168,27.80409694413372
2026-02-21,16:00,16.071372012120893,20.634372783420574,27.774650887773223,24.002834412875963,15.955595365834794,15.154511455439874,26.16952416847652,19.60710859135075,32.17849498330914,20.64293161337782,30.791719166235243,18.25142858495676,12.428275171865868,31.59742690776385,31.99738980667491,16.186062267260528,21.524567603325977,28.766002361377083,29.151199941080428,19.97769011258768,26.82832089063292,22.230465957896243,31.32849041230904,26.908345838761985,28.828055568997435,19.812857029366207,29.46144895515504,16.482819200062515,18.480357717700667,18.50075171007156,22.031943033966,28.28304387414658,17.818526578572452,31.552766916134953,25.025078871275063,22.330695758952228,16.88350278898834,36.002799999999986,26.77750385786125,28.10573048134097
2026-02-21,17:00,15.484210500329572,20.15272836490508,26.283915637136356,23.602533852843862,14.333248070900224,14.373452050402406,26.13098216095219,19.102151081964863,29.48935452915589,20.6083682821191,30.339796428889823,17.841606470704644,9.88084216633039,30.95551577187122,30.263138056917377,16.15818271289103,20.809507244726383,27.413043309088422,27.82490265169659,19.34070869015205,25.79392888010362,21.233982175416408,30.08417995816829,25.204819684930445,26.27648812327115,18.30411428288681,29.65953705939395,15.707965365686755,17.469277380714534,16.968139825420543,21.66626378362033,28.13880439309941,17.33393071378571,31.8,23.17636140902336,23.28339680243821,19.44873125434888,36.002799999999986,24.02986403448144,27.253348624569703
2026-02-21,18:00,14.654725457983922,18.400042005344066,26.338760350301627,23.573676859619543,13.384352562029497,13.964541420355417,24.64103180929747,20.018188423416127,26.660530999194524,19.930394808025767,27.400098352710444,16.46158879749055,10.279290415136478,29.38388987742149,28.62010380345068,15.616516737401868,19.995970591368952,25.963733794049546,28.059401502882643,16.02985217136581,26.07040193152326,20.71411944528118,31.09126976338194,23.03944304848069,24.227019770445462,17.100927896912722,26.956191415943326,14.760885143170205,15.264923513829215,14.871821314478929,20.89461937462212,26.86155479810624,17.36778893662901,21.78204525841984,22.851883866719287,20.74917476290655,14.896669220117351,20.329947035907477,22.757676394493863,25.584977704267963
2026-02-21,19:00,14.188214738311396,17.950302248099852,24.976991546577977,22.939892217679223,12.357632222848828,13.119710019531391,23.115344671983493,18.250237586392,26.014017417260884,19.69449930630057,27.442266919456767,15.277358698228891,8.852625717771012,26.880089786377845,25.60022151959748,13.657298776650736,18.474781778673936,25.16408570253704,26.254884630286288,16.495516114963035,24.926618610836357,18.32073913614442,29.559757881307643,23.713099942436653,25.012246780357398,15.746701934012089,25.39204694780149,14.47817319524326,16.876652556344087,14.08685067617027,20.012279354893455,26.7148874682268,16.321631525331796,22.7537639775136,20.654442732457557,21.859506103217985,15.810943795773705,20.76448682277936,24.29968093497704,25.71182389107277
2026-02-21,20:00,13.762967130421526,16.53470617128406,23.426907622635564,21.67061929824587,12.433147174654122,12.526594299168664,22.807517433383605,17.32041399183999,25.177820442670075,18.00921412919685,24.903386688649046,14.234174769087543,7.325460478347915,24.83475998308402,25.148639755416188,14.069178282290702,17.5628171657001,25.941417611488,25.33463055350671,15.409801980466192,24.297881981968143,18.217272625024023,27.30148860545759,22.335704700156057,23.05469374192842,13.989159443751223,24.156894815685547,13.191788921125305,15.575578038021604,13.46449636529204,18.60723716747176,25.80758902575284,15.859508087913031,20.716941539146795,19.402768766264085,20.07165761653668,14.808117501378792,19.855382894714857,23.166590763658316,24.82292093127171
2026-02-21,21:00,14.227783161154296,15.846622770849237,23.4587486554448,21.050132962969524,12.40014526742853,11.516113277956338,21.99241939019249,17.475258670982655,23.31810214454233,18.028519780334044,23.813773762586084,14.76816587025971,8.06561616327214,23.951513135609865,24.18924446936973,12.798035354495768,17.10868629992836,24.15468267329257,25.519100201997457,15.214016951287014,22.397136469624133,18.0865520001151,26.966976524931464,21.83918945024163,22.84979531724004,13.4493099167954,23.591662331034264,12.852328779761017,15.268572470937793,12.83859884596716,18.532190715737517,26.093153702160453,15.562096129601471,21.603071933927183,19.708317076667765,20.35897792879448,14.724875064540894,19.58448217914573,19.598961714310104,24.400625506592338
2026-02-21,22:00,14.18541580914737,15.408491150750258,21.792673504996493,20.47831554902458,11.85680185732746,11.51742719740566,21.70918012620166,17.373257482277037,22.963667335805862,17.861694508116013,23.59839791987366,14.1812686094695,7.450687236727572,23.694411300783404,24.05732107176398,12.440624491124884,15.897495997155309,24.16816459345231,24.35179920818705,15.562448999422754,22.04846584881217,17.181870212657824,26.085092267541786,21.7134794057833,23.03734210983448,13.46174626000666,23.04858627017424,12.434293164968516,14.545944319110738,12.169681016234454,18.711291880190966,25.48083706732304,15.529125852159758,17.978418015196375,19.530524165871697,19.55637725759754,11.670523624898507,19.42496029741018,20.610220793331347,23.01325537570007
2026-02-21,23:00,14.162492301983889,15.340118853428857,22.70106985332565,20.050059626635477,11.865598111927971,11.935045187518014,21.34255337354865,17.418951257713392,22.422129679705225,17.87385877511632,23.54835333238475,13.78805952022224,6.858892273362772,23.837100328677817,24.681815669655244,12.641932145681803,15.71392080818331,24.290641451225568,23.79526695126766,15.201766504832667,22.283718813702983,16.835785127507123,25.02232558361961,21.29467098365423,22.381386434767386,13.390794013459349,23.88089069423768,12.588154460505432,13.538009178171324,11.857962635817534,17.92000933929633,24.395122927963527,16.42536257219748,19.13752260678917,19.444502452105848,18.846123502200584,15.06583525139818,19.70854646140559,21.22396647372741,23.102973332874367
2026-02-22,00:00,13.581779105560411,15.009585281174044,22.4316436757427,20.9416937248244,11.348177916830371,10.81710491252656,21.540035899708524,16.94326231547193,22.60632176627552,17.48963544982109,22.624746420607057,13.501032317307743,6.642875287972212,22.94871346691278,23.720555918292007,12.858124348846689,15.754176558913183,23.15441727771097,22.75353445792919,15.136016827895968,21.892217339505724,16.274978597544983,21.6199622094121,21.17077593228821,21.609918255012108,13.535615983507425,23.988551006863275,12.528347353395237,13.081794140522897,12.154026209294289,18.455327649320523,25.359600366139794,15.821736569498633,19.35670526051337,19.41258036720916,18.78657471815451,16.787083088508517,18.54851792434948,20.69886038403182,23.620000255270227
2026-02-22,01:00,13.41834525334964,14.237409903392056,21.624337842789085,19.84679656745102,11.379614877737366,10.957053890725524,20.510852744906444,17.46643567356078,21.226881136680003,17.095214886364925,22.132843931411955,13.707450711606551,6.880046569786998,22.34889765912193,21.575520184862235,11.843280474922963,15.82851629954053,23.693446139657457,23.169964822828494,14.368730315747452,21.66007122609325,16.36156871265988,21.07863176098067,21.51400785752701,23.506680823859323,13.008384395184578,22.920326201245267,12.627928454591874,12.957131739148316,11.802970065113955,18.193185328642397,25.062528890779912,16.185419979370216,18.94715105548049,19.096420412570627,18.510929828759974,10.946862733877962,19.46547421664803,18.198510977291463,21.242073546872383
2026-02-22,02:00,13.868240007081113,14.564408991765154,21.040704014787885,20.428742236771985,11.113921366846592,10.858179075200807,21.87974344040034,16.80428214688728,20.244387774566125,16.866955459372274,21.04640785974649,13.606895030036789,5.596204440007157,20.28476956538151,21.195964194917774,11.988385080934984,15.88559617330905,23.95309476623485,21.45226692017133,14.634086909253034,21.32211962562613,16.65029872153696,20.35677672551905,19.83093781662021,22.208377430118645,13.429854215509517,23.12984822610308,12.383198118706678,13.665392210803113,12.24384116008414,18.16307075088537,24.6031246584188,15.661783800622644,19.28136748589808,18.08157797281582,18.939113036027297,16.018536003417093,18.14267459961131,19.925101682822923,20.14590483808547
2026-02-22,03:00,14.21343386985042,15.50526413029709,21.34530109094551,20.295778131048632,11.660829072652778,10.39794792070192,20.927595476892584,16.922418027246422,19.97122810599532,17.82081417977293,21.74088482129097,13.710649344602732,5.873902756431514,21.27287234477556,20.02183222878772,12.663117958135867,16.107859666843577,23.842125581764066,21.278947247041515,14.706102782763187,21.42306148206101,16.211756066358642,19.926173000337297,19.79508532360312,22.76415518495874,13.01194985757445,22.967486239484607,12.643154134381,14.29574519085748,11.665626964608318,18.720115397994423,24.724387709922183,15.608396886107824,19.48832240087584,18.783085472738783,18.82545646115944,13.33562562560276,19.61401219818968,19.5995408761316,20.50008666568876
2026-02-22,04:00,13.3954174604089,15.59400784416991,20.930533163489,21.197536187045543,11.520880523294004,11.19462716936271,21.960277604167228,16.924582513625847,19.912795570170303,17.567974248556045,22.15068380994007,14.159498434853107,6.500095399226894,20.87576845931847,20.171947067491107,12.63188740153569,16.556413369041646,23.9809304152911,21.301154881421027,14.907527439362267,21.4405334555898,16.712361472330116,20.06685850858057,19.773930004695277,22.939916029172267,13.622947011470693,23.27135074959355,12.168570908854896,14.631620768222,11.92791705764346,18.275798066730307,24.61001466870221,15.290319178634492,19.06448956178538,19.09980956413999,19.44527967077381,15.436810201825176,20.61354059651072,19.878878860776037,19.553686176044664
2026-02-22,05:00,13.806695602421373,15.949400164393555,22.27562839092453,20.874095383295845,11.790647924665208,11.011132764234398,22.66629988803425,17.57010944899807,19.69676916728097,17.754721752572117,21.90369405159791,14.63977269884,6.575650320031282,19.3712715658052,21.17630497188033,12.86593668018795,16.940076731946135,24.056259521757077,22.27583481902513,16.163425727868425,21.784971104185,19.307035631641632,19.875605235393905,20.023598339263074,21.91379823353726,15.764461983369983,23.62406950714028,13.37205180478941,14.99304963114748,11.96298559168178,19.408482652218257,24.914536449383245,15.606204477945344,20.02421718048244,20.71866708687781,19.839661759691765,14.150558746616449,21.307436224922288,21.05157717406838,19.96678521244793
2026-02-22,06:00,14.69584209770239,15.836458840400226,22.14310259827031,21.031823592510413,11.530543859056388,12.33702442318924,22.8982428464574,18.181125424793777,20.27281550230902,18.776755836306247,22.118357172851667,14.62029636847511,8.614391381469693,21.073301161444974,21.035849707441248,14.501247738095492,17.311900638267822,24.481810406239664,21.642848588074493,16.58443030032103,21.29373953204517,18.942264118511986,20.234092686706084,19.780210139476107,21.943945482292044,14.723859969735448,24.725737137427423,13.676330774628076,16.22147343958393,14.341823016714644,19.708518877936957,25.56349860058951,16.51568061511611,19.851639633139477,22.16905309576332,20.40706401764148,14.268221386155258,22.00197799435493,21.987679271554583,19.950126807906575
2026-02-22,07:00,15.56473635059294,18.10555179254547,22.73750248993244,22.43561444525132,13.005797434550033,12.548416763357253,23.006432679273374,19.26441505871301,19.793545827912,19.43350816035052,21.7230332397178,14.064157611160752,8.892100724321537,21.754399617743594,21.064562532600903,15.02729872678417,17.311900638267822,24.6599854222688,21.63988976072946,16.599285769550292,22.15528763030269,19.211378724074137,20.38691747437612,19.825518864694622,22.059224774781065,15.792658674413817,25.033702872655184,13.497367266544732,16.323751749031203,14.330104418021667,20.12069935972717,25.278843128306583,18.14146931269669,23.142028199741414,21.97260916089509,19.82039987732311,15.13460155984202,22.01486019132463,22.456207471260495,19.23822985828716
2026-02-22,08:00,17.042931762416252,19.082896604603693,23.42197332440629,23.45808484832118,14.100426496839145,13.111647962659328,24.515209093697457,18.49104463147147,21.548874946686432,20.095944593844344,21.476742761830533,14.595374459861814,9.379894270703216,22.62199529050564,20.973036085134108,16.7618003520293,17.062921031728838,22.259554794703263,22.413434557655965,17.15066931860249,21.825189703498253,19.291342110346683,21.840511174467093,21.02149529453868,23.580145849961223,16.69435444559525,23.735744343822013,13.268586166112003,16.292445513497945,14.481710201959949,21.57071952771516,25.67905445806889,18.802635234177945,19.43635132616956,23.04377182238785,20.691681637686106,14.516078434323822,22.01486019132463,22.86782161158895,20.73054592944754
2026-02-22,09:00,17.209350639820542,17.916492460679372,23.6199870266581,22.640106318280008,15.698853334712622,13.497367400094312,24.64267538311152,21.00809169758836,23.39827602754099,21.21817849716041,25.104632617106844,13.88874180567997,9.803631768546056,23.479145416975765,23.140037735248598,16.490552955251445,17.75142817135902,23.35219331156351,22.82628613750262,17.41820152792683,23.175708006996683,19.930817970382098,25.158515300714512,21.567712310574016,23.707501133940767,15.558594243965535,24.60092596498099,14.00831554543119,16.697476373983974,15.280467329927466,21.384124266354718,26.63170245823582,19.38057987062723,22.444301696975103,22.87682948161357,20.90737694087951,15.908966494664144,35.79698063059202,24.992503897618768,22.050521281522432
2026-02-22,10:00,19.80420018981317,18.063070654172744,24.770160140333243,24.67514907002034,17.201690451077546,13.929752280128698,25.99718945426064,22.062694186753173,24.12162866368481,21.85144841160261,24.59634881121277,14.526993968202104,11.61601378283692,25.52685674812016,25.43798214819922,18.65849776105948,19.85495830792153,24.38096781507485,25.454962923278757,18.207025459453675,22.93957878156336,19.922536156598603,27.338737818487413,23.377981676430316,24.51569359903276,14.815375140006877,27.09097213795987,14.304070303387483,17.52280320819639,16.729068420181342,22.11083019171237,26.817779773533047,21.11029792938452,20.64377434758066,22.58518133297015,21.29045653312892,18.70563214697132,21.235219792425134,23.462967562462264,24.76008787647169
2026-02-22,11:00,18.17390833128104,21.345373014867164,26.75626165925469,26.741729261388336,17.601135944808572,15.201083271263414,27.87372335588022,21.92777846705254,25.873492906144257,21.93632911299795,26.523435244002,15.69238723326606,12.562744796911108,26.95661466283351,26.40488250319089,17.91483467692061,21.24127909908867,27.40521174841265,26.41619659280096,20.213029347422417,25.34768247787641,23.06510767659198,29.36716648616671,25.995921016021825,25.055677570757915,16.460482119961224,28.817430455883347,15.772119656595336,18.985575354818028,16.974141744550263,23.25484035934181,30.2568325953838,19.972315504884023,20.50848820059465,25.932739352104672,24.549652220392197,17.564907700709288,19.773731679495697,26.2577949531779,27.025426841455975
2026-02-22,12:00,17.714888589524097,21.518607587438957,28.47325044496067,27.722065073015838,16.985829907588904,15.159709528932993,28.404810847901505,23.401096606237346,28.64501523515529,22.02283306209342,28.38068043333036,15.857164595372415,13.433767177782606,29.3609536563443,27.909102700936,17.769724417544502,22.22276787001145,30.750787934346835,27.724625903113207,21.5818789656444,28.112318284089746,23.41378729874771,30.311925909781007,27.832784178907428,25.69864278013751,17.751725318811644,28.986052856632018,15.536368169716743,19.373602540112305,17.39136122342861,23.296496670023085,31.594653611698224,19.854586960902356,23.30373384228499,26.27762639989014,24.424427274513228,20.459260602356014,36.002799999999986,27.363019865263254,27.38374916166422
2026-02-22,13:00,17.289900794427265,21.514006317413028,28.426519082034048,26.040240514618574,17.212648742346634,16.104567007213937,33.311953199178646,21.912722638493943,29.329726002394413,21.72744987002216,29.721948792581767,17.68206868946911,11.950713286848416,30.719201036205146,29.461976823068827,18.52999203289933,22.292076981618635,31.01867335222679,28.589934304187555,21.86915933311279,26.763824456837227,22.77541897550489,29.189618159478044,28.96440828009564,27.136966051248223,17.230266238343066,29.52102742651232,15.774787313158496,19.296242142643017,18.267520905095783,24.95924464085265,32.29285236562442,18.82118759147684,31.8,26.591595959899625,25.087819821155566,23.78381119359247,36.002799999999986,28.499713388983277,28.71273543205125
2026-02-22,14:00,16.17941876707839,21.268725159185923,28.35126650213413,25.08819582431745,15.512406238884337,16.19714360948202,33.8,20.65418779829493,28.04971659121982,22.314404237475763,31.185428837362146,18.372491780183907,14.13818066464961,30.36302999105818,31.04996474360924,17.08127366035395,22.12261727459152,31.12062790062653,30.342051565020533,21.49124270072907,27.810150809032123,24.820620848016155,30.699559356682897,28.74779027168186,28.159375077839897,19.23653353957673,30.995405910044106,17.009133903430385,18.595652380829595,17.950735992384466,25.3786634288827,30.854647069648905,18.59664195595857,31.8,26.419056620021237,25.462085707554444,20.242450168449537,36.002799999999986,27.786676356918168,28.92556254997757
2026-02-22,15:00,16.185812394446604,22.47137775549725,29.237562697054027,25.10511221568345,16.225330011391087,16.85122472407337,29.166906770001173,20.928937020190464,28.84890357740493,21.08132230030025,30.361071855237352,18.09783115491399,11.1639741180794,31.14682706733968,30.638247874269865,15.813577863823944,21.653512073369644,29.7493599794151,28.434958371465083,19.85661878577669,27.25749899876569,25.119659322116917,32.297982742727044,26.668642882960107,29.4081078287369,17.7536090361436,30.31795029245983,15.726667403657276,20.41126558543502,17.609995261955742,24.488774363436686,28.642650713792342,17.796371078167084,30.17003548606135,24.373066657408263,25.929933054630634,20.95294896635896,36.002799999999986,27.31402163839596,27.107681902067288
2026-02-22,16:00,15.961598572900089,21.506869079230928,28.514754225941555,24.78703265730933,16.77934996502579,15.903363064068328,27.18821831545633,20.13313859398191,29.34506668118107,21.38109782251351,28.90322016215997,17.765323117330823,11.459901649515633,29.013711327259543,29.73981290739349,15.98505793823456,21.457419802907985,29.150057666903184,28.89332519062973,20.488270602762917,26.635625946725128,23.886637224817285,31.86820966761377,26.024500988158596,29.200861989115158,18.005404215765957,29.874862041736694,15.968564136928284,20.09032569405421,17.116998796866973,23.190622434877277,28.058442559833665,17.323718972742856,31.8,24.640847620377503,24.81959632610454,17.552512170760437,36.002799999999986,26.046441397159068,27.541966650227987
2026-02-22,17:00,14.907844575913558,20.772624341144443,27.26324929080568,24.32596660535056,14.115018804762146,16.059955953627803,25.962373161331108,19.142969837887406,29.85328571479896,20.237748723021323,29.190996796837368,17.54308729881872,9.83651016195256,29.77977135545206,30.9654742478048,14.09082903430848,20.931416762622806,27.782327952853606,28.81533233877164,18.66745183175518,27.507186346175448,23.17740248141104,31.909385704443253,25.16687155222733,28.99563379337378,16.06984714483502,29.82819980790275,15.266296760759026,18.497735416188323,14.71243317078218,21.37631309331973,25.92139690715736,17.329226386843576,21.837219958296256,23.62171247078884,24.411142911383607,20.536522245904976,33.75163312906626,25.224489223301145,25.85642360494263
2026-02-22,18:00,15.375650657543495,19.745859771076837,25.94615368248345,22.86123583441292,12.798728124571504,14.175759540309146,24.957677701865286,19.28563836123112,29.520705117105276,20.70942867615884,27.60968985219932,16.734155514649682,9.044252627049389,29.599064308713945,27.65881363044568,14.584377465897113,20.264350305306987,26.42382952134296,27.245982946204503,17.078983020728757,25.270729063174084,20.7118361224403,29.378289454153947,23.810668664453875,25.797162715205,15.880774003233036,28.956885834071446,15.100359245828534,17.564109336834523,13.569003759307869,20.335037119445893,24.85152174207274,16.447377309469616,20.78028489613632,23.295039230756835,23.052361262134426,16.857518597278656,33.62769741254913,24.61642788829904,26.56630140384298
2026-02-22,19:00,13.74028367132704,18.07614808398209,24.27139250398831,22.10257637291262,12.072266170091323,13.511275291324822,23.216314638055884,19.19787286203192,27.66539124993385,19.117462944671253,26.880132191706604,14.788886005809642,8.003063331712575,28.19328180133357,27.72858822081052,14.441285508988123,18.879291770104956,26.208324441039625,27.50328157396279,16.795071785526673,25.31421579148858,18.942939126998635,29.5688633909414,22.754533572002902,23.89671678083966,14.669980527712964,25.819006305079064,14.666829232729276,16.016709155348334,13.02904705057821,20.33374915196881,26.25356859746803,16.236343790818413,19.76278013959075,19.54862886813889,22.75615239981329,15.771293019628429,34.320473241877565,23.18684435823744,25.608385523243648
2026-02-22,20:00,14.111105401880286,17.13225271278375,23.94590739272444,21.939200512249627,12.194626055254004,12.5551773736469,23.34189172785008,18.21375073346923,25.83957461524587,18.40133312122842,24.68969959780748,14.936558828761283,8.077854468523167,26.0686743804903,25.16382978968748,14.059169605778353,18.49275589751795,25.990605897544977,26.96944955438897,15.578166207418931,24.43015696698873,18.008747264128843,27.18126565752359,22.03556160389216,24.707959031216387,14.07708975204573,24.164944513177048,13.438545232348751,14.827859358450269,12.481903945045785,18.838421209558835,25.828350792797924,15.979087413863232,20.134080122587,21.09154365574014,20.49078449915916,15.638709385953648,19.339572206084867,21.92810950272328,24.86188368577477
2026-02-22,21:00,13.871071475083294,15.874908533905309,23.7264027264606,20.54573209891706,12.68365043722202,12.03643075764224,23.3283675402414,17.48220693993877,24.413083591350624,18.471326973870635,23.34201490334034,14.824304868005033,7.620603961774733,24.664869269943384,24.676514751774672,13.597972062046574,17.14234615192006,24.44662599162415,25.408791206437048,15.31224071087808,22.99230081032765,17.450943531632902,27.14959446775296,22.09559009303853,23.346235428677723,14.14987437379421,23.58869214063753,13.054905826185289,15.1587192047334,12.099249491961706,18.28058123024743,25.36036211017312,15.778901328372967,17.79253813589234,20.7938355057408,19.14992384471215,13.468540964778663,21.602113901196237,23.005692592107334,24.21318244724628
2026-02-22,22:00,14.771844385146824,15.068352048963966,23.84577848535514,20.35998855398356,11.378718264733909,12.340969286528118,22.09835408083217,17.81605214980238,24.725226398014406,17.434468767511238,23.18144899587248,14.48243872743338,6.984175804013496,24.27234759365915,24.57307949112469,13.000822958489008,16.169893285717464,24.518491874656416,24.27774129972772,14.789466146277045,22.56777143094378,16.16019811742804,26.603996686956712,21.872273403868352,23.114079438585787,13.346919295640554,24.14632002518889,13.060178702141926,14.811808451849611,11.837934977317152,18.31587591331384,25.44039611763763,15.840155218726252,18.766044061225102,19.79905121876366,19.570871775005926,15.893594263062091,19.08246366228772,21.12896237787716,23.70160405722896
2026-02-22,23:00,14.719058194311394,14.552823354792835,23.51873885971337,20.363687746217405,12.74803711872972,12.261072361323524,22.312908068882077,17.142386995309778,25.066396263880826,18.168618076305545,23.69484370181949,14.076543461557703,5.853191838098561,24.49095055109634,24.39607500302939,12.107184239353542,14.425540020427968,23.67356631081169,25.065987079951128,15.13778746926767,22.20471949100854,16.348780465443078,26.717913020499637,21.577677597921564,22.84470210093899,13.116793664041152,24.73303950356944,12.679345728615246,13.92661888738222,11.75050247072973,18.510707763799694,25.87889536287371,16.556067789378456,17.669689758690854,21.28103395730889,18.53194435218417,9.742401558265929,19.488167298726367,21.762697800805768,23.399982433761632
2026-02-23,00:00,14.86219693508152,15.125307302996948,22.724099689044184,20.568224471670643,11.614391276444843,11.871338237939185,22.221810445401275,16.901555234231527,23.005996093536947,17.718423711717772,22.628832030560616,13.9764302037562,6.973159972644749,23.45884388688639,24.45707420881764,12.219722616057684,15.796871848084786,23.25795362425037,23.17984764372973,15.089573088069212,22.09441723301565,16.5491210780889,22.60796508306796,21.71616600102024,23.17366157422111,13.12887011092437,23.74506328092089,12.896831671483676,13.549326486652353,11.168239060157669,17.9597550175384,25.168561972813063,16.094317833387,20.22791181824729,19.434030709549337,18.857298405628224,12.644616800863764,19.68235892528129,21.00506803174827,23.31607683923141
2026-02-23,01:00,14.532017216965746,15.828894617296772,22.93691998041627,20.297022966434927,11.65547992703332,11.923371515696015,22.717940138491976,16.463541594058675,22.39376439681189,17.768815805931116,22.342866442770028,13.84970541925984,5.57549499365937,21.54896218161175,21.77119597975338,12.315376798313578,15.931010129222738,23.814685899881862,22.56975770915007,15.338918789354477,21.795837497459893,15.703095061028243,21.952407544204597,21.532555292745496,22.84584084659796,12.85027117851512,24.22531985226074,11.705059598906692,14.03518718234785,11.44596490388975,17.710165797181187,25.27803406755878,16.34873575868694,19.89899014330401,19.78681613021503,18.533294909273582,16.2888168124109,20.72259038002493,19.9457159440869,20.704820454575533
2026-02-23,02:00,13.90624703560156,14.844291701656346,22.348319372393167,20.613094539530767,12.09914030027463,11.787647819563375,21.846741990266864,16.964917531589776,20.616700594601262,17.263828412886344,21.072108222442363,14.223962759042244,6.918026594517246,22.217597427347982,21.59382785746413,11.49122286403454,16.025467197298127,24.00303359283151,21.74881929515444,15.445288568107594,21.452405227399904,16.42449555333666,22.4513944944918,20.85385272558018,22.960822893703018,12.859061714082484,23.39345514005312,12.768709580587734,14.836145352686623,11.710472884019572,18.10047096220248,23.92938261057052,15.7711562991251,19.061659214488916,18.49959761777278,19.45971430077636,13.81901889883292,17.93570869427499,21.799055169926906,20.488352888866125
2026-02-23,03:00,13.110862986404456,15.309571064499575,22.70176546859898,20.813880751851084,11.913719497900336,11.128936810525328,22.52498506792561,17.002136888825405,19.82330007764316,17.863555408719993,21.814753861379483,13.607599021177409,5.448091824907292,20.52455062283562,21.06349160179666,12.344922302026394,16.167419080468783,24.12926977089717,22.21296117990068,15.019605079369658,22.04948071305334,16.6895777202359,22.307291588836005,19.9435001747778,22.924970441775216,12.22617207534789,23.2048298594228,12.098792491136315,14.642569229724772,11.430757299489494,18.424817708043054,24.22717657100863,17.050065047026777,19.3346030934949,18.02366470802219,18.552721732498764,14.65596142993241,19.35780117221815,21.669782155595485,20.32526317256596
2026-02-23,04:00,12.879508468044072,15.8039402199223,22.32590381266882,20.72030273302888,11.640961887531684,11.738701498009656,22.806271332787865,17.098655406346705,20.50514592496277,17.809089833432523,21.46939025429227,14.385982240052703,6.121754630691458,21.09355259276008,21.14850178647569,12.136590277526093,17.588033320599585,24.32281770843566,21.376540209124364,14.807922584727114,22.047574671015308,16.66995071449986,20.599172989775763,19.92636965777064,23.32387367432,12.586931056396304,24.914712534782115,12.202553928704752,14.366667842465048,11.687504957067295,18.037280112964964,25.36158477443956,15.58760006794114,20.904349083920025,18.39840924855929,19.347133088371397,14.909133805750724,17.932785007918593,20.63597973463019,20.646006109567477
2026-02-23,05:00,13.076082163707758,16.525694913146985,23.10771060031086,20.76187836116138,11.979078206833028,11.355447859233678,23.01631267865156,17.442517468363686,21.245012717758247,19.095311410052908,21.71267343237968,14.280021358576588,6.3171767155516925,21.076409265601125,21.383038532554465,12.6981137189184,17.32942534328142,24.026717009591337,21.49136857151599,16.296236059919607,22.046516233603278,19.91629471803495,19.96938347729089,19.97354274516354,23.91843165320909,14.212104974598413,24.221688598619934,13.282086545605956,14.341340249325356,11.841564677084218,18.872207361978838,24.933352492871105,15.772665476268122,20.348668017300167,20.866208985125336,20.36978552044421,13.237045333784913,19.47897268071811,21.33745454324845,19.98867212802075
2026-02-23,06:00,13.622845566619556,16.52346626734106,22.553606975923927,21.12198812305396,12.24444442997176,12.532561069985432,23.82107933383332,18.462077014444127,22.0576702992688,19.605409741546044,21.24902872822264,13.808202738539787,8.661162551965864,21.437995094215,20.553895377416712,13.945203531130794,17.02282818718948,24.368583641576556,21.60122073857514,16.216432869954744,21.421894343691637,18.93200892461641,20.955163618300336,20.30472407778622,23.295952783086005,14.90187408190256,23.95142147061443,13.36421126750701,16.20642144782569,14.341823016714644,19.504189185900508,24.98833574637834,16.60232694606607,21.81504737861469,22.256145677548343,19.752316737553212,17.44522303638702,22.012733827688265,23.17165644045487,19.810368859751357
2026-02-23,07:00,13.728449820276516,17.71595613249489,22.46781239855344,21.37535471011177,13.357720888831246,12.594412728038424,24.019888272408707,19.21187967133268,21.505318705128715,19.86884092995769,21.877402796082315,13.88874180567997,8.638011476398637,22.16191064513511,21.34829958376806,14.997805904994832,17.832344657880174,24.450167797592805,21.220263057278352,16.10709447385966,21.79521927305013,19.05810368657078,21.514924610320463,20.22245603032877,23.37208164428501,15.792658674413817,24.17323228374157,13.638109605007353,16.323751749031203,14.330104418021667,20.63657696252603,24.318261875831254,16.428275497091537,19.81669710129159,23.065298679102888,20.234064455833973,14.313840241550167,22.01486019132463,24.391647444565468,19.867086607755425
2026-02-23,08:00,15.198364155119991,19.10669713608868,22.72763104767369,23.82388892263918,14.028438488120251,13.826542127913209,24.06201390935044,19.336663920442305,22.211693671230726,20.17594706121425,22.509155069139368,14.563146849023637,10.622329774200658,22.48482507332399,22.763883148780288,16.329930140511703,18.42264135425221,24.519578302072823,21.9166305157828,16.510618509946525,20.84404151961193,18.554990367566603,22.55996901019624,21.242767971849112,25.14666812658021,15.689663305832232,26.39279251554735,13.459210776302736,17.605179205655983,14.596730004360884,20.71778568125374,24.44534609101784,17.91275066228716,22.39892174289792,22.63201488006493,20.853210712965623,15.057754756467592,22.01486019132463,23.792630617063768,21.384743157031103
2026-02-23,09:00,16.96176729287199,19.82342640613813,27.015209978484886,24.95889269822034,13.792243801378085,14.299865637074058,24.297087912103216,20.73149082275857,23.62117764282696,21.37531724926811,23.567263760765663,14.82562934170354,11.809646326985154,23.611883256654554,23.70557837997616,17.066671889222825,18.74887713205708,22.31576487004459,24.37593048812991,16.766163691245403,22.2414207076764,19.67735780977386,24.58672038829131,21.059131407440315,24.33814423495292,15.550348260860734,25.498395436796223,14.970923798276033,17.776783312619596,15.969375885519112,21.89710987836471,25.265931036483945,18.763626891088705,21.106526485403705,25.075043386443,21.258253465382385,16.528578320143694,19.431339048590655,23.567018933206317,23.15719372469141
2026-02-23,10:00,18.30786981248484,21.808743283332323,28.61037807201382,25.096038164754383,15.448389326792697,15.297067761467554,25.95408774401705,21.60616383001194,25.95842096628612,22.45720807573985,25.21506157414356,15.160856370908768,12.23244446665958,25.678748070487096,25.120667508027957,17.801474705061842,19.25035542853376,23.077680598507936,24.47277279687444,17.352195290248954,23.400668358858184,20.532026961249315,28.35177758980135,23.494048108040168,24.546626551832983,16.462977708176478,26.987314451084785,14.970405228740535,18.20520982722284,17.2839680575622,22.566453388918426,27.25356912391446,18.275546467044386,18.84373546316301,23.593551653360024,21.78206591003639,18.14901989981258,34.88750376897877,22.638897699653345,26.20580417762937
2026-02-23,11:00,18.146697181358277,21.180903009355184,28.92113230274512,25.43348958378837,15.247010669777564,16.577082026477093,27.46899181358688,22.801265810217263,27.982532387415983,22.228875269996397,27.40756022260413,15.9590472159178,12.581777277589232,27.004833896372784,25.323552552207243,19.46756043143352,22.51997457532051,27.45084765371951,27.01463781272145,17.950162680553724,24.79387152797832,22.963937010927733,29.122279841012737,26.65490199536457,25.37898957933794,17.843842020423505,27.967599534004293,15.259337507769397,19.994741482842624,16.945628248390168,24.005324680776194,29.696102907970904,18.23684450384431,29.95671889155269,25.69835336227332,25.03784409258213,18.63637700056868,35.95779433270106,25.21686180154876,27.668714650395327
2026-02-23,12:00,17.79425760261453,22.12553528136306,29.233766770496164,25.93112138073,17.210495265324724,17.158249571202415,32.79206428052427,22.41655040476473,29.431535349373043,24.266360336634587,29.841065343084583,17.83712684904077,13.757934833949628,28.98528979750416,28.529893431670796,20.195592229416405,21.62679276708278,29.45507661433963,29.62588020013893,19.81912643647225,25.97064022897681,24.371033744065944,29.35889722799881,28.73088873925761,27.425624791586205,17.80984352785136,28.27760567984667,16.219885200793062,19.38699083215744,17.87797897231198,24.47183050714369,31.731079589503352,17.938737218542197,31.264279279347114,27.94331552483808,25.996624519272515,16.313828431889405,35.14540653485276,27.310592062345805,28.919088133739088
2026-02-23,13:00,17.2530894689804,21.88913424263238,29.644597925241506,26.357101133068923,18.46898509226625,18.131698956085643,29.001008519486245,23.16578305510426,31.1032007102556,24.62863968145845,30.0561494256556,16.94486154390785,12.81512281492842,30.047849888329697,30.52991930662348,17.745134966164937,21.70913867954569,31.91130816736427,29.918482517766016,21.372907783415812,26.664704359888,24.8136912431282,31.886237885122945,32.45923336053984,29.31150722811419,17.837288816334446,29.60486212063024,16.36731829474525,21.261645856595774,17.23999895676141,25.50836399380567,32.42749337167864,18.055660578378838,31.524664456607464,26.646135786465788,25.40680026822513,22.342959972627398,36.002799999999986,27.61594110770193,29.01025127799064
2026-02-23,14:00,18.702998956051815,23.824654917923123,29.02156362609965,25.57534796515817,16.26462543721233,16.591940321523783,32.96802919959767,26.2,31.44012479403184,27.775644041642316,31.633482544692505,17.066876382983864,11.23975491131974,32.667691980744074,30.452462972648814,18.19458325759143,23.677397253821827,31.289466904868338,29.54111254198866,21.193499413751137,28.193913643860427,24.714128808458096,31.75225230359688,31.381766644617525,37.7,18.36643950322865,31.075668067372085,17.017434574564362,20.635996309982342,18.078504662821477,24.785359044634177,31.99425508660356,17.315795623988755,31.8,27.460017153231384,25.711964926467257,23.11682863775226,36.002799999999986,28.260362486013197,29.885929471914963
2026-02-23,15:00,15.81083886972544,28.20848434416199,29.93841528324802,24.69929952813166,16.05185902721603,16.56072373823939,29.366553380825557,22.412058783899624,29.56496115277657,22.80593255874033,32.08653451888807,17.423640560867224,11.382097768531237,32.382133150261645,32.901710162281,18.074474982829464,22.31826898955562,29.8825605674902,31.80091313274877,21.003004719874998,29.658910348436404,23.68561524963055,29.77114454873289,27.36057627389077,28.368591854932607,19.687199872816944,31.8543393852247,17.198094274224303,20.733415915599764,17.64560783100961,23.97455843867192,29.963208632473584,17.039906281655263,31.8,26.54475020527149,25.393716622452988,18.446329963954096,36.002799999999986,27.275580057721008,28.931403555089823
2026-02-23,16:00,16.841553148167986,20.37871312343704,29.12321732014688,23.74749327470871,14.651054366755467,14.868077503860784,26.88073559008897,20.551034834047297,31.283671209659865,22.911941466561625,32.64347456912234,17.870109370432854,9.313358357174842,30.203991297224032,29.01987828937599,16.670382050242683,22.92726940930305,28.473264847372704,29.9399184082188,18.52237488625982,26.187034344835205,23.20021495039779,30.845527731138944,26.338276421341323,36.207772861290074,20.840955581956745,31.40267549907927,15.8044754475525,20.255169316151456,16.091317745852805,22.404124265980048,29.070895421024147,17.346287140154235,31.8,27.07645449867339,25.24884544536138,19.668037380052574,36.002799999999986,27.03847953733028,27.445955318004508
2026-02-23,17:00,14.717375795960011,20.955339857325463,27.3192165327537,25.871399205933766,13.086533986126582,14.13624648382054,25.994075297108765,22.11886496815362,29.590461176485,22.49631719601188,29.93249073640939,17.715714686788196,9.78415329793359,29.090941042561752,29.75809113450048,16.64417481913266,21.70218322408825,28.84765729590574,28.7145031745552,17.48294390461024,26.470939591801685,22.870444744801745,30.79556625319357,25.416877601369062,29.461308403845383,19.46308286052278,30.77915550255939,15.506263508984455,19.972401457946702,15.007695239233588,22.12751836709791,28.390545778697955,17.4908042722141,31.8,23.04276005004949,24.100515959404508,17.32002238392062,36.002799999999986,25.82258842926691,26.58587102776424
2026-02-23,18:00,15.147357712762489,17.616148961701125,26.896985014429056,23.709443620803444,13.346638545866767,13.819803885497874,25.11903314948636,19.92266985776591,28.356011728343752,21.287264108739823,28.9057004220388,15.81027854902864,9.812793022712803,28.33060849626332,28.68955711280605,15.935741188030276,20.509542490950334,27.98180943206694,30.244625587366105,16.74491044897399,24.300631339038517,20.950124096953854,31.274692073914448,24.8397736989078,29.23776689930675,18.96931966791756,30.21651949690299,15.547823877248772,18.602364383759564,14.65597855500986,21.75238236566164,27.164853652649576,17.404755200288413,31.63300328015927,21.592528644028647,22.52513680386381,21.22875452399729,36.002799999999986,24.21557005697674,26.18885260728471
2026-02-23,19:00,13.842450342389792,16.975268570164992,25.87088224105508,21.792586760021532,12.832207129491383,12.946911056477523,23.88202515284176,18.535181235820662,27.269638187287857,19.151482710647425,26.787335407281947,15.23841627157323,8.779002844719344,27.028629570538065,26.55955296354404,14.029292324055358,20.03643867432661,25.017026220995863,28.49054218160513,16.0480190120005,24.97468060877676,19.836278275624853,29.65672742189151,23.39856558796381,25.4168661001368,16.305046627304165,25.729347719239144,14.285977410588728,16.894988737026683,13.25628986560377,20.25172044893616,26.51714181791408,16.0087966106807,19.04515973728715,24.97220278290183,21.607920246759296,17.0607892503073,19.040797780917067,22.52654032384601,25.86532057396548
