CODIGO,NOMBRE,ESTADO,ULTIMA_FECHA,VARIABLES,ULTIMA_CONSULTA
200,INIA - SENAMHI,SIN VARIABLES DE INTERES,2026-09-30 09:20:00,0,2026-10-01 06:40:08
215,EAMA QUISCA,CON DATOS,2026-10-01 06:00:00,1,2026-10-01 06:40:09
216,EMA - CHAO,CON DATOS,2026-10-01 06:30:00,3,2026-10-01 06:40:09
217,EMA - San Jose,CON DATOS,2026-10-01 06:30:00,3,2026-10-01 06:40:10
218,VIÑA CAYALTÍ,CON DATOS,2026-10-01 06:40:00,2,2026-10-01 06:40:10
220,L2-Lambayeque-EMA-Motupe,CON DATOS,2026-10-01 06:00:00,1,2026-10-01 06:40:11
221,L1-Lambayeque-Jayanca,CON DATOS,2026-10-01 06:30:00,3,2026-10-01 06:40:11
223,L4-Lambayeque-Olmos,CON DATOS,2026-10-01 06:30:00,3,2026-10-01 06:40:12
224,L3-Lambayeque-El Cholocal-Motupe,SIN DATOS RECIENTES,,0,2026-10-01 06:40:12
225,L5-Cajamarca-Chirinos,CON DATOS,2026-10-01 06:30:00,3,2026-10-01 06:40:13
226,L6-Cajamarca-Chirinos,CON DATOS,2026-10-01 06:30:00,3,2026-10-01 06:40:14
227,L7-Cajamarca-Chirinos,CON DATOS,2026-10-01 06:30:00,3,2026-10-01 06:40:14
228,L8-Cajamarca-Chirinos,CON DATOS,2026-10-01 06:40:00,3,2026-10-01 06:40:15
229,S2-JEPALISCO SENAMHI,CON DATOS,2026-10-01 06:40:00,3,2026-10-01 06:40:15
230,J1 - APATA SENAMHI,SIN DATOS RECIENTES,,0,2026-10-01 06:40:16
231,J2 - EL MANTARO SENAMHI,CON DATOS,2026-10-01 06:40:00,3,2026-10-01 06:40:16
232,J3 - MUQUI SENAMHI,CON DATOS,2026-10-01 06:30:00,3,2026-10-01 06:40:17
233,J4 - ACOLLA SENAMHI,SIN DATOS RECIENTES,,0,2026-10-01 06:40:18
234,J5 - SAN JOSE DE VILLA RICA SENAMHI,CON DATOS,2026-10-01 06:30:00,3,2026-10-01 06:40:18
235,C1 - HUACAYTAQUI SENAMHI,CON DATOS,2026-10-01 04:30:00,3,2026-10-01 06:40:19
236,C2 - USI SENAMHI,CON DATOS,2026-10-01 06:30:00,3,2026-10-01 06:40:19
237,C3 - CUSIPATA SENAMHI,SIN DATOS RECIENTES,,0,2026-10-01 06:40:20
238,P1 - CAMACANI SENAMHI,CON DATOS,2026-10-01 06:20:00,3,2026-10-01 06:40:20
239,P2 - ILLPA SENAMHI,SIN DATOS RECIENTES,,0,2026-10-01 06:40:21
240,P3 - TAHUACO SENAMHI,CON DATOS,2026-10-01 06:00:00,3,2026-10-01 06:40:22
241,P4 - RINBCON DE LA CRUZ SENAMHI,CON DATOS,2026-10-01 06:20:00,3,2026-10-01 06:40:22
242,EEA - EL CHIRA PIURA SENAMHI,CON DATOS,2026-09-30 07:20:00,3,2026-10-01 06:40:23
243,EEA - SANTARITA AREQUIPA SENAMHI,CON DATOS,2026-10-01 06:30:00,3,2026-10-01 06:40:23
244,EEA - DONOSO LIMA SENAMHI,CON DATOS,2026-10-01 06:40:00,3,2026-10-01 06:40:24
245,S1 - MOYOBAMBA SENAMHI,CON DATOS,2026-10-01 06:40:00,3,2026-10-01 06:40:24
246,EAMA CHUMBENIQUE  - SENAMHI,CON DATOS,2026-10-01 04:10:00,3,2026-10-01 06:40:25
247,EAMA ENTAZ - SENAMHI,CON DATOS,2026-10-01 06:30:00,3,2026-10-01 06:40:25
